,team,league,2012-2013,2013-2014,2014-2015,2015-2016,2016-2017,2017-2018,2018-2019,2019-2020,2020-2021,2021-2022
0,Real Madrid,Spain,26.000,35.000,29.000,33.000,33.000,32.000,19.000,17.000,26.000,30.000
1,Bayern,Germany,33.000,27.000,28.000,29.000,22.000,29.000,20.000,36.000,27.000,26.000
2,Barcelona,Spain,24.000,24.000,34.000,26.000,23.000,25.000,30.000,24.000,20.000,15.000
3,Juventus,Italy,23.000,23.000,29.000,18.000,33.000,23.000,21.000,22.000,21.000,20.000
4,Chelsea,England,27.000,25.000,21.000,18.000,23.778,18.000,30.000,17.000,33.000,25.000
5,Atlético,Spain,10.000,33.000,22.000,28.000,29.000,28.000,20.000,22.000,16.000,19.000
6,Paris,France,25.000,25.000,21.000,24.000,20.000,19.000,19.000,31.000,24.000,19.000
7,Man City,England,7.000,19.000,15.000,26.000,18.000,22.000,25.000,25.000,35.000,27.000
8,Liverpool,England,9.000,21.875,10.000,22.000,21.875,30.000,29.000,18.000,24.000,33.000
9,Man United,England,18.000,23.000,20.556,13.000,26.000,20.000,19.000,22.000,26.000,18.000
10,Sevilla,Spain,20.333,22.000,28.000,23.000,19.000,21.000,13.000,26.000,19.000,12.000
11,Dortmund,Germany,30.000,22.000,18.000,17.000,22.000,10.000,18.000,18.000,22.000,10.000
12,Porto,Portugal,20.000,16.000,25.000,11.000,17.000,17.000,23.000,7.000,23.000,10.000
13,Arsenal,England,18.000,18.000,20.000,15.000,19.000,21.000,26.000,10.000,23.000,18.889
14,Benfica,Portugal,26.000,29.000,8.000,22.000,17.000,4.000,17.000,10.000,10.000,20.000
15,Ajax,Netherlands,9.000,10.000,14.000,6.000,22.000,1.500,27.000,13.000,19.000,22.000
16,Shakhtar Donetsk,Ukraine,17.000,11.000,17.000,20.000,14.000,19.000,10.000,22.000,14.000,6.000
17,Tottenham,England,16.000,15.000,9.000,12.000,10.000,21.000,26.000,16.000,15.000,5.000
18,Napoli,Italy,6.000,16.000,22.000,13.000,17.000,10.000,18.000,19.000,10.000,9.000
19,Roma,Italy,17.375,17.375,12.000,14.000,13.000,25.000,17.000,11.000,24.000,23.000
20,Lyon,France,12.000,15.000,1.500,7.000,22.000,14.000,17.000,23.000,14.722,21.000
21,Leverkusen,Germany,9.000,16.000,18.000,14.000,18.000,14.222,11.000,18.000,10.000,14.000
22,Villarreal,Spain,17.429,17.429,12.000,23.000,9.000,8.000,16.000,17.429,30.000,24.000
23,Zenit,Russia,13.000,16.000,17.000,19.000,12.000,14.000,10.000,9.000,5.000,8.000
24,Basel,Switzerland,16.000,19.000,15.000,12.000,6.000,19.000,2.500,19.000,2.500,12.000
25,Inter,Italy,14.000,13.857,12.000,13.857,4.000,13.857,15.000,25.000,9.000,18.000
26,Milan,Italy,17.000,16.000,11.833,11.833,11.833,12.000,7.000,11.833,12.000,7.000
27,Salzburg,Austria,1.000,17.000,11.000,1.500,5.000,21.000,16.000,10.000,7.000,17.000
28,Dynamo Kyiv,Ukraine,9.000,8.000,16.000,18.000,8.000,12.000,11.000,6.000,10.000,5.000
29,Olympiacos,Greece,10.000,18.000,11.000,10.000,10.000,5.000,8.000,10.000,10.000,8.000
30,Schalke,Germany,19.000,16.000,17.000,11.000,18.000,16.333,17.000,16.333,16.333,16.333
31,Valencia,Spain,19.000,22.000,19.0,14.000,19.0,19.0,23.000,17.000,19.0,19.0
32,Lazio,Italy,18.000,10.000,11.875,14.000,11.875,17.000,6.000,4.000,17.000,9.000
33,Galatasaray,Türkiye,22.000,15.000,5.000,9.000,9.222,0.500,8.000,6.000,2.500,15.000
34,Sporting CP,Portugal,4.000,9.167,10.000,7.000,6.000,17.000,10.000,10.000,2.500,16.000
35,Leipzig,Germany,16.6,16.6,16.6,16.6,16.6,17.000,5.000,27.000,17.000,17.000
36,PSV,Netherlands,5.000,5.000,6.000,18.000,6.000,1.000,6.000,6.000,10.000,10.000
37,Frankfurt,Germany,18.25,12.000,18.25,18.25,18.25,18.25,24.000,9.000,18.25,28.000
38,Monaco,France,12.833,12.833,21.000,5.000,25.000,6.000,5.000,12.833,12.833,15.000
39,Celtic,Scotland,16.000,6.000,7.000,3.000,7.000,8.000,6.000,10.000,3.000,6.000
40,Braga,Portugal,6.000,1.500,8.167,15.000,5.000,9.000,2.000,10.000,9.000,16.000
41,Copenhagen,Denmark,6.000,7.000,3.000,1.000,16.000,7.000,4.000,14.000,2.500,13.000
42,Beşiktaş,Türkiye,7.889,0.000,11.000,7.000,20.000,19.000,5.000,3.000,2.000,4.000
43,Dinamo Zagreb,Croatia,5.000,2.000,4.000,6.000,4.000,1.500,14.000,8.000,17.000,9.000
44,Club Brugge,Belgium,3.000,1.000,19.000,4.000,4.000,1.500,11.000,8.000,11.000,7.000
45,Marseille,France,4.000,4.000,8.714,9.000,8.714,19.000,3.000,8.714,6.000,16.000
46,Atalanta,Italy,13.3,13.3,13.3,13.3,13.3,11.000,2.500,20.000,17.000,16.000
47,Plzeň,Czech Republic,14.000,11.000,1.000,3.000,5.000,13.000,11.000,2.000,2.500,2.500
48,Anderlecht,Belgium,8.000,5.000,10.000,11.000,16.000,6.000,3.000,7.688,7.688,2.500
49,CSKA Moskva,Russia,1.500,6.000,8.000,7.000,7.000,17.000,9.000,4.000,3.000,6.944
50,Feyenoord,Netherlands,1.500,1.500,9.000,6.333,5.000,6.000,2.000,4.000,4.000,24.000
51,Wolfsburg,Germany,12.5,12.5,16.000,24.000,12.5,12.5,12.5,12.000,2.500,8.000
52,Mönchengladbach,Germany,9.000,9.833,9.000,8.000,12.000,9.833,9.833,6.000,15.000,9.833
53,Young Boys,Switzerland,7.000,6.611,8.000,1.500,6.000,5.000,7.000,6.000,11.000,8.000
54,Fenerbahçe,Türkiye,22.000,0.000,8.357,12.000,10.000,1.500,8.000,8.357,8.357,5.000
55,AZ Alkmaar,Netherlands,1.500,16.000,6.875,3.000,6.000,6.875,1.500,8.000,6.000,13.000
56,Sparta Praha,Czech Republic,8.000,0.500,7.000,17.000,9.000,1.000,1.500,2.000,4.000,5.000
57,Genk,Belgium,10.000,11.000,9.167,9.167,16.000,9.167,9.000,5.000,9.167,4.000
58,Fiorentina,Italy,13.5,15.000,20.000,8.000,11.000,13.5,13.5,13.5,13.5,13.5
59,PAOK,Greece,1.500,9.000,5.000,6.000,8.000,1.500,3.000,2.500,5.000,13.000
60,Gent,Belgium,1.000,6.812,6.812,16.000,10.000,1.000,2.500,10.000,3.000,11.000
61,Crvena zvezda,Serbia,1.500,1.000,5.583,0.250,1.500,8.000,7.000,6.000,10.000,15.000
62,Ludogorets,Bulgaria,1.000,14.000,7.000,1.000,8.000,7.000,4.000,6.000,3.000,3.000
63,Slavia Praha,Czech Republic,8.917,8.917,8.917,8.917,1.500,6.000,14.000,6.000,16.000,10.000
64,FCSB,Romania,12.000,7.000,5.000,1.500,5.000,9.000,2.500,2.500,2.000,1.500
65,Rangers,Scotland,10.05,10.05,10.05,10.05,10.05,0.250,5.000,11.000,15.000,19.000
66,Athletic Club,Spain,4.000,10.0,10.000,17.000,9.000,10.000,10.0,10.0,10.0,10.0
67,Krasnodar,Russia,6.929,6.929,5.000,9.000,8.000,1.500,11.000,6.000,8.000,6.929
68,Leicester,England,15.0,15.0,15.0,15.0,22.000,15.0,15.0,15.0,10.000,13.000
69,Dnipro,Ukraine,11.000,10.000,19.000,5.000,11.25,11.25,11.25,11.25,11.25,11.25
70,Lokomotiv Moskva,Russia,6.357,6.357,1.500,9.000,6.357,12.000,6.000,6.000,7.000,3.000
71,M. Tel-Aviv,Israel,4.889,9.000,1.500,4.000,5.000,3.000,2.500,2.000,8.000,9.000
72,BATE,Belarus,9.000,1.000,6.000,8.000,1.500,4.000,8.000,2.500,1.500,1.500
73,LOSC,France,6.000,6.833,4.000,6.833,1.000,6.833,6.833,5.000,8.000,17.000
74,APOEL,Cyprus,1.500,4.000,5.000,2.000,10.000,6.000,2.500,7.000,2.500,4.5
75,Betis,Spain,11.0,12.000,11.0,11.0,11.0,11.0,10.000,11.0,11.0,11.000
76,Real Sociedad,Spain,6.5,5.000,1.500,6.5,6.5,9.000,6.5,6.5,8.000,9.000
77,Granada,Spain,13.0,13.0,13.0,13.0,13.0,13.0,13.0,13.0,13.000,13.0
78,Getafe,Spain,11.0,11.0,11.0,11.0,11.0,11.0,11.0,11.000,11.0,11.0
79,Espanyol,Spain,10.0,10.0,10.0,10.0,10.0,10.0,10.0,10.000,10.0,10.0
80,Celta,Spain,19.0,19.0,19.0,19.0,19.000,19.0,19.0,19.0,19.0,19.0
81,Málaga,Spain,22.000,22.0,22.0,22.0,22.0,22.0,22.0,22.0,22.0,22.0
82,Levante,Spain,13.000,13.0,13.0,13.0,13.0,13.0,13.0,13.0,13.0,13.0
83,Qarabağ,Azerbaijan,4.389,1.500,5.000,3.000,5.000,6.000,3.000,4.000,3.000,9.000
84,Rapid Wien,Austria,2.000,5.000,1.500,10.000,5.000,4.938,7.000,4.938,5.000,4.000
85,Spartak Moskva,Russia,6.000,1.500,5.429,5.429,1.000,11.000,4.000,2.500,5.429,12.000
86,Partizan,Serbia,3.000,1.500,2.000,6.000,0.500,7.000,2.500,6.000,2.000,7.000
87,Legia,Poland,1.500,2.000,10.000,3.000,8.000,1.500,2.000,2.500,2.500,4.000
88,West Ham,England,7.833,7.833,7.833,1.000,1.500,7.833,7.833,7.833,7.833,21.000
89,Wolves,England,16.0,16.0,16.0,16.0,16.0,16.0,16.0,16.000,16.0,16.0
90,Burnley,England,2.5,2.5,2.5,2.5,2.5,2.5,2.500,2.5,2.5,2.5
91,Everton,England,8.5,8.5,14.000,8.5,8.5,3.000,8.5,8.5,8.5,8.5
92,Southampton,England,3.75,3.75,3.75,1.500,6.000,3.75,3.75,3.75,3.75,3.75
93,Hull,England,1.5,1.5,1.500,1.5,1.5,1.5,1.5,1.5,1.5,1.5
94,Swansea,England,7.0,7.000,7.0,7.0,7.0,7.0,7.0,7.0,7.0,7.0
95,Wigan,England,4.0,4.000,4.0,4.0,4.0,4.0,4.0,4.0,4.0,4.0
96,Newcastle,England,15.000,15.0,15.0,15.0,15.0,15.0,15.0,15.0,15.0,15.0
97,Malmö,Sweden,4.562,1.000,6.000,6.000,4.562,1.000,7.000,8.000,2.500,5.000
98,LASK,Austria,9.0,9.0,9.0,9.0,9.0,9.0,2.000,12.000,7.000,15.000
99,Rubin,Russia,18.000,11.000,9.0,5.000,9.0,9.0,9.0,9.0,9.0,2.000
100,Molde,Norway,4.000,1.500,1.000,10.000,4.438,4.438,2.500,2.500,12.000,2.000
101,Astana,Kazakhstan,3.806,0.250,1.500,8.000,4.000,8.000,6.000,3.000,1.500,2.000
102,Rennes,France,8.25,8.25,8.25,8.25,8.25,8.25,11.000,3.000,5.000,14.000
103,Maribor,Slovenia,3.000,6.000,7.000,1.000,1.500,7.000,2.000,2.500,1.000,1.500
104,Sheriff,Moldova,1.500,5.000,1.500,0.250,1.000,7.000,2.500,2.000,2.000,9.000
105,CFR Cluj,Romania,11.000,5.25,1.000,5.25,5.25,5.25,2.500,10.000,4.000,3.000
106,Union Berlin,Germany,5.0,5.0,5.0,5.0,5.0,5.0,5.0,5.0,5.0,5.000
107,Hoffenheim,Germany,7.667,7.667,7.667,7.667,7.667,4.000,7.000,7.667,12.000,7.667
108,Hertha,Germany,2.5,2.5,2.5,2.5,1.000,4.000,2.5,2.5,2.5,2.5
109,Köln,Germany,4.0,4.0,4.0,4.0,4.0,4.000,4.0,4.0,4.0,4.0
110,Freiburg,Germany,3.0,5.000,3.0,3.0,3.0,1.000,3.0,3.0,3.0,3.0
111,Mainz,Germany,4.0,4.0,1.000,4.0,7.000,4.0,4.0,4.0,4.0,4.0
112,Augsburg,Germany,7.0,7.0,7.0,7.000,7.0,7.0,7.0,7.0,7.0,7.0
113,Stuttgart,Germany,9.000,1.500,5.25,5.25,5.25,5.25,5.25,5.25,5.25,5.25
114,Hannover,Germany,10.000,10.0,10.0,10.0,10.0,10.0,10.0,10.0,10.0,10.0
115,Midtjylland,Denmark,1.500,3.389,1.500,7.000,1.500,1.500,2.500,2.000,6.000,7.000
116,Torino,Italy,7.75,7.75,13.000,7.75,7.75,7.75,7.75,2.500,7.75,7.75
117,Sassuolo,Italy,4.0,4.0,4.0,4.0,4.000,4.0,4.0,4.0,4.0,4.0
118,Sampdoria,Italy,1.0,1.0,1.0,1.000,1.0,1.0,1.0,1.0,1.0,1.0
119,Udinese,Italy,3.000,1.500,2.25,2.25,2.25,2.25,2.25,2.25,2.25,2.25
120,Standard Liège,Belgium,4.071,2.000,3.000,1.500,6.000,4.071,7.000,6.000,3.000,4.071
121,St-Étienne,France,5.7,1.500,5.000,9.000,9.000,5.7,5.7,4.000,5.7,5.7
122,İstanbul Başakşehir,Türkiye,4.583,4.583,4.583,1.000,1.500,6.000,2.000,11.000,6.000,4.583
123,Rijeka,Croatia,2.833,4.000,5.000,0.500,1.000,5.000,2.000,2.500,3.000,2.500
124,Trabzonspor,Türkiye,1.500,10.000,7.000,1.000,4.167,4.167,4.167,3.000,4.167,2.500
125,Rosenborg,Norway,4.000,0.500,1.000,2.000,1.500,4.000,3.000,3.000,2.500,2.500
126,Bordeaux,France,12.000,2.000,4.8,4.000,4.8,1.000,5.000,4.8,4.8,4.8
127,Liberec,Czech Republic,1.500,8.000,1.000,5.000,3.000,3.917,3.917,3.917,5.000,3.917
128,Nice,France,3.625,1.500,3.625,3.625,4.000,6.000,3.625,3.625,3.000,3.625
129,Reims,France,2.0,2.0,2.0,2.0,2.0,2.0,2.0,2.0,2.000,2.0
130,Strasbourg,France,2.5,2.5,2.5,2.5,2.5,2.5,2.5,2.500,2.5,2.5
131,Guingamp,France,9.0,9.0,9.000,9.0,9.0,9.0,9.0,9.0,9.0,9.0
132,Montpellier,France,6.000,6.0,6.0,6.0,6.0,6.0,6.0,6.0,6.0,6.0
133,Zorya Luhansk,Ukraine,2.875,2.875,1.500,1.500,2.000,4.000,2.500,2.500,4.000,5.000
134,H. Beer-Sheva,Israel,2.625,2.625,0.500,0.500,6.000,3.000,2.000,2.500,4.000,2.500
135,AEK,Greece,3.5,3.5,3.5,3.5,1.000,9.000,4.000,2.500,3.000,1.500
136,Apollon,Cyprus,2.333,3.000,2.000,1.000,1.000,3.000,5.000,2.500,2.000,1.500
137,Anji,Russia,11.000,10.000,10.5,10.5,10.5,10.5,10.5,10.5,10.5,10.5
138,Paços Ferreira,Portugal,2.75,3.000,2.75,2.75,2.75,2.75,2.75,2.75,2.75,2.500
139,Santa Clara,Portugal,2.5,2.5,2.5,2.5,2.5,2.5,2.5,2.5,2.5,2.500
140,Rio Ave,Portugal,2.0,2.0,3.000,2.0,1.000,2.0,1.500,2.0,2.500,2.0
141,Vitória SC,Portugal,3.25,4.000,3.25,1.000,3.25,4.000,3.25,4.000,3.25,3.25
142,Marítimo,Portugal,5.000,3.25,3.25,3.25,3.25,1.500,3.25,3.25,3.25,3.25
143,Arouca,Portugal,1.5,1.5,1.5,1.5,1.500,1.5,1.5,1.5,1.5,1.5
144,Belenenses,Portugal,4.0,4.0,4.0,4.000,4.0,4.0,4.0,4.0,4.0,4.0
145,Estoril,Portugal,3.5,3.000,4.000,3.5,3.5,3.5,3.5,3.5,3.5,3.5
146,Nacional,Portugal,1.5,1.5,1.500,1.5,1.5,1.5,1.5,1.5,1.5,1.5
147,Académica,Portugal,4.000,4.0,4.0,4.0,4.0,4.0,4.0,4.0,4.0,4.0
148,Austria Wien,Austria,3.9,8.000,3.9,3.9,4.000,4.000,3.9,2.000,3.9,1.500
149,Slovan Bratislava,Slovakia,0.500,1.000,2.000,1.000,0.500,0.500,2.000,3.000,1.500,6.000
150,Dynamo Moscow,Russia,1.500,6.333,16.000,6.333,6.333,6.333,6.333,6.333,1.500,6.333
151,Zürich,Switzerland,3.8,1.000,5.000,1.000,5.000,3.8,7.000,3.8,3.8,3.8
152,Fehérvár,Hungary,4.000,0.250,2.028,1.500,1.000,1.500,5.000,1.500,2.500,1.000
153,Vitesse,Netherlands,1.000,1.000,3.0,1.000,3.0,4.000,2.000,3.0,3.0,9.000
154,HJK,Finland,1.500,1.000,4.000,1.500,1.000,0.500,2.000,2.000,1.944,4.000
155,Ferencváros,Hungary,2.188,2.188,0.500,0.500,1.000,0.500,1.000,6.000,5.000,3.000
156,Sochi,Russia,2.0,2.0,2.0,2.0,2.0,2.0,2.0,2.0,2.0,2.000
157,Rostov,Russia,5.167,5.167,1.500,5.167,12.000,5.167,5.167,5.167,2.000,5.167
158,Arsenal Tula,Russia,1.5,1.5,1.5,1.5,1.5,1.5,1.5,1.500,1.5,1.5
159,Ufa,Russia,2.5,2.5,2.5,2.5,2.5,2.5,2.500,2.5,2.5,2.5
160,Kuban,Russia,5.0,5.000,5.0,5.0,5.0,5.0,5.0,5.0,5.0,5.0
161,Bodø/Glimt,Norway,8.5,8.5,8.5,8.5,8.5,8.5,8.5,8.5,2.000,15.000
162,Willem II,Netherlands,2.0,2.0,2.0,2.0,2.0,2.0,2.0,2.0,2.000,2.0
163,Utrecht,Netherlands,1.167,0.500,1.167,1.167,1.167,1.500,1.167,1.500,1.167,1.167
164,Heracles,Netherlands,1.0,1.0,1.0,1.0,1.000,1.0,1.0,1.0,1.0,1.0
165,Groningen,Netherlands,1.25,1.25,0.500,2.000,1.25,1.25,1.25,1.25,1.25,1.25
166,Go Ahead Eagles,Netherlands,0.25,0.25,0.25,0.250,0.25,0.25,0.25,0.25,0.25,0.25
167,Twente,Netherlands,4.000,2.75,1.500,2.75,2.75,2.75,2.75,2.75,2.75,2.75
168,Zwolle,Netherlands,1.5,1.5,1.500,1.5,1.5,1.5,1.5,1.5,1.5,1.5
169,Heerenveen,Netherlands,1.500,1.5,1.5,1.5,1.5,1.5,1.5,1.5,1.5,1.5
170,Jablonec,Czech Republic,2.5,1.500,2.5,1.500,2.5,2.5,4.000,1.500,1.500,5.000
171,Kolos Kovalivka,Ukraine,2.0,2.0,2.0,2.0,2.0,2.0,2.0,2.0,2.000,2.000
172,Vorskla,Ukraine,1.625,1.625,1.625,1.000,1.000,1.625,3.000,1.625,1.625,1.500
173,Desna,Ukraine,2.0,2.0,2.0,2.0,2.0,2.0,2.0,2.0,2.000,2.0
174,Olexandriya,Ukraine,1.833,1.833,1.833,1.833,1.000,1.500,1.833,3.000,1.833,1.833
175,Mariupol,Ukraine,2.0,2.0,2.0,2.0,2.0,2.0,2.000,2.000,2.0,2.0
176,Olimpik Donetsk,Ukraine,1.0,1.0,1.0,1.0,1.0,1.000,1.0,1.0,1.0,1.0
177,Metalist,Ukraine,10.000,0.000,2.000,4.0,4.0,4.0,4.0,4.0,4.0,4.0
178,Chornomorets Odesa,Ukraine,4.5,8.000,1.000,4.5,4.5,4.5,4.5,4.5,4.5,4.5
179,Metalurh Donetsk,Ukraine,1.000,1.000,1.0,1.0,1.0,1.0,1.0,1.0,1.0,1.0
180,Arsenal Kyiv,Ukraine,1.000,1.0,1.0,1.0,1.0,1.0,1.0,1.0,1.0,1.0
181,Antwerp,Belgium,4.833,4.833,4.833,4.833,4.833,4.833,4.833,2.500,8.000,4.000
182,Charleroi,Belgium,1.75,1.75,1.75,1.000,1.75,1.75,1.75,1.75,2.500,1.75
183,Zulte Waregem,Belgium,3.667,5.000,1.000,3.667,3.667,5.000,3.667,3.667,3.667,3.667
184,Oostende,Belgium,1.0,1.0,1.0,1.0,1.0,1.000,1.0,1.0,1.0,1.0
185,Lokeren,Belgium,1.500,4.25,7.000,4.25,4.25,4.25,4.25,4.25,4.25,4.25
186,Hajduk Split,Croatia,1.000,1.000,1.500,1.500,1.500,1.500,2.000,1.000,2.000,1.500
187,Dundalk,Republic of Ireland,1.75,1.75,0.500,1.000,3.000,1.000,1.500,2.000,3.000,2.000
188,Astra,Romania,2.8,1.500,3.000,1.500,7.000,1.000,2.8,2.8,2.8,2.8
189,TNS,Wales,1.000,1.000,1.000,1.000,1.000,1.000,2.000,2.000,1.500,2.000
190,Sivasspor,Türkiye,3.25,3.25,3.25,3.25,3.25,3.25,3.25,3.25,4.000,2.500
191,Alanyaspor,Türkiye,2.0,2.0,2.0,2.0,2.0,2.0,2.0,2.0,2.000,2.0
192,Yeni Malatyaspor,Türkiye,2.0,2.0,2.0,2.0,2.0,2.0,2.0,2.000,2.0,2.0
193,Akhisar,Türkiye,3.0,3.0,3.0,3.0,3.0,3.0,3.000,3.0,3.0,3.0
194,Konyaspor,Türkiye,3.5,3.5,3.5,3.5,2.000,5.000,3.5,3.5,3.5,3.5
195,Osmanlıspor,Türkiye,8.0,8.0,8.0,8.0,8.000,8.0,8.0,8.0,8.0,8.0
196,Karabükspor,Türkiye,1.5,1.5,1.500,1.5,1.5,1.5,1.5,1.5,1.5,1.5
197,Bursaspor,Türkiye,1.500,1.000,0.500,1.0,1.0,1.0,1.0,1.0,1.0,1.0
198,Eskişehirspor,Türkiye,1.000,1.0,1.0,1.0,1.0,1.0,1.0,1.0,1.0,1.0
199,Neftçi,Azerbaijan,3.000,1.000,1.500,0.250,0.500,1.472,1.000,2.000,1.500,2.500
200,Aberdeen,Scotland,1.5,1.5,1.000,1.000,1.000,1.000,1.500,2.000,2.000,2.500
201,Žalgiris,Lithuania,0.500,1.500,1.000,1.000,1.000,1.000,2.000,1.000,1.500,2.500
202,Spartak Trnava,Slovakia,1.000,1.857,1.500,1.000,1.000,1.857,5.000,1.500,1.857,2.000
203,Lech,Poland,1.000,1.000,1.000,4.000,1.857,1.000,2.000,1.857,3.000,1.857
204,Sturm,Austria,1.5,0.500,1.5,1.000,1.5,1.000,2.000,1.500,1.5,3.000
205,Wolfsberg,Austria,4.0,4.0,4.0,1.000,4.0,4.0,4.0,4.000,7.000,4.0
206,Hartberg,Austria,1.5,1.5,1.5,1.5,1.5,1.5,1.5,1.5,1.500,1.5
207,Admira,Austria,1.000,1.167,1.167,1.167,1.000,1.167,1.500,1.167,1.167,1.167
208,Altach,Austria,1.5,1.5,1.5,1.500,1.5,1.500,1.5,1.5,1.5,1.5
209,Grödig,Austria,1.0,1.0,1.000,1.0,1.0,1.0,1.0,1.0,1.0,1.0
210,St Pölten,Austria,1.0,1.0,1.000,1.0,1.0,1.0,1.0,1.0,1.0,1.0
211,Pasching,Austria,1.5,1.500,1.5,1.5,1.5,1.5,1.5,1.5,1.5,1.5
212,Ried,Austria,1.000,1.0,1.0,1.0,1.0,1.0,1.0,1.0,1.0,1.0
213,Brøndby,Denmark,1.786,1.786,1.000,1.500,1.500,1.000,2.500,2.000,1.786,3.000
214,Diddeleng,Luxembourg,1.500,0.250,1.000,0.250,1.000,1.000,3.000,3.000,1.389,1.500
215,Luzern,Switzerland,1.500,1.357,0.500,1.357,1.000,0.500,2.000,2.000,1.357,2.000
216,Servette,Switzerland,1.000,1.333,1.333,1.333,1.333,1.333,1.333,1.333,1.500,1.500
217,St. Gallen,Switzerland,2.5,4.000,2.5,2.5,2.5,2.5,1.500,2.5,2.000,2.5
218,Lugano,Switzerland,4.5,4.5,4.5,4.5,4.5,6.000,4.5,3.000,4.5,4.5
219,Thun,Switzerland,1.833,2.000,1.833,1.500,1.833,1.833,1.833,2.000,1.833,1.833
220,Sion,Switzerland,4.5,4.5,4.5,8.000,4.5,1.000,4.5,4.5,4.5,4.5
221,Grasshoppers,Switzerland,1.5,1.500,1.500,1.5,1.500,1.5,1.5,1.5,1.5,1.5
222,Slovácko,Czech Republic,1.5,1.5,1.5,1.5,1.5,1.5,1.5,1.5,1.5,1.500
223,Mladá Boleslav,Czech Republic,1.000,1.083,1.000,0.500,1.000,1.000,1.083,2.000,1.083,1.083
224,Sigma,Czech Republic,2.5,2.5,2.5,2.5,2.5,2.5,2.500,2.5,2.5,2.5
225,Zlín,Czech Republic,2.0,2.0,2.0,2.0,2.0,2.000,2.0,2.0,2.0,2.0
226,Dinamo Minsk,Belarus,1.5,1.000,3.000,2.000,1.000,1.000,2.000,1.000,1.000,1.5
227,Flora,Estonia,1.000,0.250,1.306,0.250,0.500,0.250,1.500,1.500,2.500,4.000
228,Dinamo Tbilisi,Georgia,1.344,1.500,1.000,0.250,1.500,1.344,1.000,2.000,2.000,1.500
229,Omonoia,Cyprus,1.000,0.500,1.500,1.000,0.500,1.643,1.643,1.643,3.000,4.000
230,M. Haifa,Israel,2.3,4.000,2.3,2.3,0.500,2.3,2.3,1.500,2.500,3.000
231,Esbjerg,Denmark,3.833,9.000,1.000,3.833,3.833,3.833,3.833,1.500,3.833,3.833
232,Asteras,Greece,1.000,1.000,5.000,3.000,2.3,2.3,1.500,2.3,2.3,2.3
233,Shkëndija,North Macedonia,0.250,1.25,0.250,0.250,1.500,1.500,2.500,1.500,2.000,1.500
234,Sarajevo,Bosnia and Herzegovina,1.000,0.500,1.500,1.000,1.25,0.250,1.500,2.000,2.500,1.000
235,Aris,Greece,1.667,1.667,1.667,1.667,1.667,1.667,1.667,2.000,1.500,1.500
236,OFI,Greece,1.5,1.5,1.5,1.5,1.5,1.5,1.5,1.5,1.500,1.5
237,Atromitos,Greece,1.500,1.500,1.000,1.500,1.5,1.5,1.500,2.000,1.5,1.5
238,Panathinaikos,Greece,4.000,2.2,2.000,1.500,2.000,1.500,2.2,2.2,2.2,2.2
239,Panionios,Greece,1.0,1.0,1.0,1.0,1.0,1.000,1.0,1.0,1.0,1.0
240,Giannina,Greece,1.0,1.0,1.0,1.0,1.000,1.0,1.0,1.0,1.0,1.0
241,Xanthi,Greece,1.0,1.000,1.0,1.0,1.0,1.0,1.0,1.0,1.0,1.0
242,St Johnstone,Scotland,0.500,1.000,1.000,0.250,0.917,0.250,0.917,0.917,0.917,2.500
243,Hibernian,Scotland,1.25,0.500,1.25,1.25,0.500,1.25,2.000,1.25,1.25,2.000
244,Motherwell,Scotland,1.500,1.000,0.500,1.25,1.25,1.25,1.25,1.25,2.000,1.25
245,Kilmarnock,Scotland,1.0,1.0,1.0,1.0,1.0,1.0,1.0,1.000,1.0,1.0
246,Hearts,Scotland,1.500,1.0,1.0,1.0,0.500,1.0,1.0,1.0,1.0,1.0
247,Inverness,Scotland,0.5,0.5,0.5,0.500,0.5,0.5,0.5,0.5,0.5,0.5
248,Dundee United,Scotland,1.000,1.0,1.0,1.0,1.0,1.0,1.0,1.0,1.0,1.0
249,Sūduva,Lithuania,0.500,0.250,1.375,1.375,0.250,1.500,2.500,2.500,2.000,1.500
250,AIK,Sweden,3.000,1.571,1.000,1.000,1.000,1.000,1.500,2.500,1.571,1.571
251,CSKA-Sofia,Bulgaria,2.625,2.625,2.625,2.625,2.625,2.625,2.000,2.000,4.000,2.500
252,Kairat,Kazakhstan,1.312,1.312,0.500,1.500,0.500,0.500,2.000,1.500,1.500,2.500
253,Osijek,Croatia,0.500,1.417,1.417,1.417,1.417,1.500,1.500,1.500,1.500,2.000
254,Lokomotiva Zagreb,Croatia,1.125,0.500,1.125,0.500,1.500,1.125,1.125,1.125,2.000,1.125
255,Split,Croatia,1.5,1.5,1.500,1.5,1.5,1.5,1.5,1.5,1.5,1.5
256,Slaven Koprivnica,Croatia,1.000,1.0,1.0,1.0,1.0,1.0,1.0,1.0,1.0,1.0
257,Vojvodina,Serbia,1.000,1.500,0.500,1.500,1.500,0.250,1.281,1.281,2.000,2.000
258,Randers,Denmark,2.833,1.000,2.833,0.500,2.833,2.833,2.833,2.833,2.833,7.000
259,AGF,Denmark,0.500,1.167,1.167,1.167,1.167,1.167,1.167,1.167,1.500,1.500
260,SønderjyskE,Denmark,1.75,1.75,1.75,1.75,1.500,1.75,1.75,1.75,2.000,1.75
261,Nordsjælland,Denmark,5.000,1.500,2.833,2.833,2.833,2.833,2.000,2.833,2.833,2.833
262,Lyngby,Denmark,1.0,1.0,1.0,1.0,1.0,1.000,1.0,1.0,1.0,1.0
263,AaB,Denmark,3.25,0.500,6.000,3.25,3.25,3.25,3.25,3.25,3.25,3.25
264,Horsens,Denmark,1.500,1.5,1.5,1.5,1.5,1.5,1.5,1.5,1.5,1.5
265,Fola,Luxembourg,1.111,1.000,0.250,1.000,0.250,1.000,1.500,1.000,1.500,2.500
266,FH,Iceland,0.500,1.500,1.000,0.500,1.000,1.500,1.500,1.111,1.000,1.500
267,AEK Larnaca,Cyprus,2.0,2.0,2.0,1.000,1.500,1.500,4.000,2.000,2.0,2.0
268,Östersund,Sweden,10.0,10.0,10.0,10.0,10.0,10.000,10.0,10.0,10.0,10.0
269,Lincoln Red Imps,Gibraltar,1.219,1.219,0.500,1.000,1.000,0.250,1.500,1.500,1.500,2.500
270,Linfield,Northern Ireland,1.000,0.500,0.500,0.500,0.250,1.000,1.083,2.500,1.500,2.000
271,Olimpija Ljubljana,Slovenia,0.500,0.500,1.219,1.219,1.000,0.250,2.500,1.500,1.500,2.000
272,Čukarički,Serbia,1.0,1.0,0.500,0.500,0.500,1.0,1.0,1.500,1.0,2.000
273,Shakhtyor,Belarus,0.500,0.500,1.500,0.500,0.500,0.250,1.500,2.000,1.000,1.500
274,Zrinjski,Bosnia and Herzegovina,1.219,0.500,1.000,0.250,1.000,1.000,2.000,2.000,2.000,1.219
275,Ventspils,Latvia,1.000,1.000,1.000,1.000,0.500,0.250,1.500,2.000,1.500,1.083
276,Backa Topola,Serbia,1.5,1.5,1.5,1.5,1.5,1.5,1.5,1.5,1.500,1.5
277,Radnicki Niš,Serbia,1.25,1.25,1.25,1.25,1.25,1.25,1.500,1.000,1.25,1.25
278,Spartak Subotica,Serbia,2.0,2.0,2.0,2.0,2.0,2.0,2.000,2.0,2.0,2.0
279,Mladost Lučani,Serbia,0.25,0.25,0.25,0.25,0.25,0.250,0.25,0.25,0.25,0.25
280,Jagodina,Serbia,0.250,0.500,0.500,0.417,0.417,0.417,0.417,0.417,0.417,0.417
281,Anorthosis,Cyprus,1.000,0.500,1.9,1.9,1.9,1.9,1.000,1.9,2.000,5.000
282,Alashkert,Armenia,1.357,1.357,1.357,0.500,1.000,1.000,2.000,1.500,1.000,2.500
283,Skënderbeu,Albania,1.000,1.500,1.000,2.000,1.9,4.000,1.9,1.9,1.9,1.9
284,Budućnost Podgorica,Montenegro,1.000,1.028,0.500,0.250,0.500,1.000,1.000,1.500,2.000,1.500
285,Vålerenga,Norway,1.5,1.5,1.5,1.5,1.5,1.5,1.5,1.5,1.5,1.500
286,Viking,Norway,1.5,1.5,1.5,1.5,1.5,1.5,1.5,1.5,1.500,1.5
287,Haugesund,Norway,1.0,1.0,0.500,1.0,1.0,0.500,1.0,2.000,1.0,1.0
288,Brann,Norway,0.75,0.75,0.75,0.75,0.75,0.500,0.75,1.000,0.75,0.75
289,Sarpsborg,Norway,4.0,4.0,4.0,4.0,4.0,4.0,4.000,4.0,4.0,4.0
290,Lillestrøm,Norway,1.5,1.5,1.5,1.5,1.5,1.5,1.500,1.5,1.5,1.5
291,Odd,Norway,1.0,1.0,1.0,1.500,0.500,1.000,1.0,1.0,1.0,1.0
292,Strømsgodset,Norway,0.875,1.000,1.000,1.000,0.500,0.875,0.875,0.875,0.875,0.875
293,Stabæk,Norway,0.250,0.25,0.25,0.25,0.250,0.25,0.25,0.25,0.25,0.25
294,Tromsø,Norway,1.500,2.000,0.500,1.333,1.333,1.333,1.333,1.333,1.333,1.333
295,Hødd,Norway,0.5,0.500,0.5,0.5,0.5,0.5,0.5,0.5,0.5,0.5
296,Aalesund,Norway,1.000,1.0,1.0,1.0,1.0,1.0,1.0,1.0,1.0,1.0
297,Elfsborg,Sweden,1.000,3.000,1.500,1.000,1.8,1.8,1.8,1.8,1.8,2.500
298,AEL,Cyprus,3.000,1.8,1.500,1.8,1.8,1.000,1.8,1.500,1.8,2.000
299,Ermis,Cyprus,1.0,1.0,1.000,1.0,1.0,1.0,1.0,1.0,1.0,1.0
300,Shamrock Rovers,Republic of Ireland,1.000,1.094,1.094,0.500,0.250,0.500,1.000,1.500,1.500,2.500
301,Vaduz,Liechtenstein,0.972,0.250,0.500,1.000,0.500,0.500,1.500,2.000,1.000,1.500
302,Ashdod,Israel,1.5,1.5,1.5,1.5,1.5,1.5,1.5,1.5,1.5,1.500
303,Kukës,Albania,1.094,1.500,0.250,1.000,0.500,1.000,2.000,1.000,1.500,1.094
304,Valletta,Malta,1.000,0.500,1.000,0.250,1.000,0.500,1.500,2.000,1.000,0.972
305,Beitar Jerusalem,Israel,0.9,0.9,0.9,0.500,1.500,0.500,1.000,0.9,1.000,0.9
306,Bnei Yehuda,Israel,1.000,1.5,1.5,1.5,1.5,1.000,1.5,2.500,1.5,1.5
307,H. Haifa,Israel,2.0,2.0,2.0,2.0,2.0,2.0,2.000,2.0,2.0,2.0
308,H. Kiryat Shmona,Israel,2.000,1.333,1.000,1.000,1.333,1.333,1.333,1.333,1.333,1.333
309,H. Tel-Aviv,Israel,3.000,1.000,0.500,1.5,1.5,1.5,1.5,1.5,1.5,1.5
310,H. Ramat Gan,Israel,1.0,1.000,1.0,1.0,1.0,1.0,1.0,1.0,1.0,1.0
311,M. Netanya,Israel,0.500,0.5,0.5,0.5,0.5,0.5,0.5,0.5,0.5,0.5
312,Hammarby,Sweden,2.0,2.0,2.0,2.0,2.0,2.0,2.0,2.0,1.500,2.500
313,Häcken,Sweden,1.2,1.000,1.2,1.2,0.500,1.2,1.500,1.500,1.2,1.500
314,Djurgården,Sweden,1.75,1.75,1.75,1.75,1.75,1.75,1.500,1.75,2.000,1.75
315,Göteborg,Sweden,1.1,0.500,1.000,1.000,1.500,1.1,1.1,1.1,1.500,1.1
316,Norrköping,Sweden,1.167,1.167,1.167,1.167,1.000,0.500,1.167,2.000,1.167,1.167
317,Brommapojkarna,Sweden,1.0,1.0,1.000,1.0,1.0,1.0,1.0,1.0,1.0,1.0
318,Gefle,Sweden,1.0,1.000,1.0,1.0,1.0,1.0,1.0,1.0,1.0,1.0
319,Helsingborg,Sweden,3.000,3.0,3.0,3.0,3.0,3.0,3.0,3.0,3.0,3.0
320,Kalmar,Sweden,1.000,1.0,1.0,1.0,1.0,1.0,1.0,1.0,1.0,1.0
321,KuPS,Finland,1.000,1.7,1.7,1.7,1.7,1.7,1.000,1.500,2.500,2.500
322,Sutjeska,Montenegro,1.062,1.000,1.000,0.250,1.062,0.250,1.500,2.000,1.000,1.500
323,Universitatea Craiova,Romania,1.5,1.5,1.5,1.5,1.5,1.000,2.000,2.000,1.000,1.500
324,Sepsi Sfantu Gheorghe,Romania,1.5,1.5,1.5,1.5,1.5,1.5,1.5,1.5,1.5,1.500
325,Botoşani,Romania,1.0,1.0,1.0,0.500,1.0,1.0,1.0,1.0,1.500,1.0
326,Viitorul,Romania,1.375,1.375,1.375,1.375,1.000,1.500,1.500,1.500,1.375,1.375
327,Dinamo Bucureşti,Romania,1.500,1.25,1.25,1.25,1.25,1.000,1.25,1.25,1.25,1.25
328,Pandurii,Romania,1.5,2.000,1.5,1.5,1.000,1.5,1.5,1.5,1.5,1.5
329,CSMS laşi,Romania,0.5,0.5,0.5,0.5,0.500,0.5,0.5,0.5,0.5,0.5
330,Târgu Mureş,Romania,1.0,1.0,1.0,1.000,1.0,1.0,1.0,1.0,1.0,1.0
331,Petrolul,Romania,1.5,1.500,1.500,1.5,1.5,1.5,1.5,1.5,1.5,1.5
332,Vaslui,Romania,1.500,1.5,1.5,1.5,1.5,1.5,1.5,1.5,1.5,1.5
333,Rapid Bucureşti,Romania,1.000,1.0,1.0,1.0,1.0,1.0,1.0,1.0,1.0,1.0
334,Kalju,Estonia,0.250,1.500,0.500,0.500,1.000,0.500,1.000,2.000,1.000,0.917
335,Riga,Latvia,2.0,2.0,2.0,2.0,2.0,2.0,1.000,2.500,2.000,2.500
336,Žilina,Slovakia,1.000,1.000,1.333,1.500,1.333,1.000,1.333,1.333,1.000,2.500
337,Domžale,Slovenia,1.143,0.250,1.143,0.250,1.000,1.500,1.500,1.500,1.143,2.000
338,FC Santa Coloma,Andorra,0.250,0.250,1.000,0.500,0.500,0.500,1.500,1.500,0.500,1.500
339,Levadia,Estonia,0.500,0.500,1.000,0.500,0.500,0.250,1.000,1.000,1.000,1.500
340,Gabala,Azerbaijan,1.292,1.292,0.250,2.000,2.000,1.000,1.000,1.500,1.292,1.292
341,Hibernians,Malta,0.250,0.250,0.250,1.000,0.250,1.000,0.833,1.000,1.500,2.000
342,Trenčín,Slovakia,1.25,1.000,1.000,1.000,1.500,0.500,2.500,1.25,1.25,1.25
343,Raków,Poland,2.5,2.5,2.5,2.5,2.5,2.5,2.5,2.5,2.5,2.500
344,Śląsk,Poland,1.500,1.500,1.375,0.500,1.375,1.375,1.375,1.375,1.375,2.000
345,Pogoń,Poland,1.5,1.5,1.5,1.5,1.5,1.5,1.5,1.5,1.5,1.500
346,Piast,Poland,1.125,0.500,1.125,1.125,0.500,1.125,1.125,1.500,2.000,1.125
347,Cracovia,Poland,0.75,0.75,0.75,0.75,0.250,0.75,0.75,1.000,1.000,0.75
348,Lechia,Poland,1.5,1.5,1.5,1.5,1.5,1.5,1.5,1.500,1.5,1.5
349,Jagiellonia,Poland,1.0,1.0,1.0,0.500,1.0,0.500,2.000,1.0,1.0,1.0
350,Górnik Zabrze,Poland,1.5,1.5,1.5,1.5,1.5,1.5,1.500,1.5,1.5,1.5
351,Arka,Poland,1.0,1.0,1.0,1.0,1.0,1.000,1.0,1.0,1.0,1.0
352,Zagłębie,Poland,1.0,1.0,1.0,1.0,1.000,1.0,1.0,1.0,1.0,1.0
353,Ruch,Poland,1.000,1.25,1.500,1.25,1.25,1.25,1.25,1.25,1.25,1.25
354,Zawisza,Poland,0.5,0.5,0.500,0.5,0.5,0.5,0.5,0.5,0.5,0.5
355,Lokomotiv Plovdiv,Bulgaria,0.500,1.5,1.5,1.5,1.5,1.5,1.5,2.000,1.500,2.000
356,Arda,Bulgaria,1.5,1.5,1.5,1.5,1.5,1.5,1.5,1.5,1.5,1.500
357,Slavia Sofia,Bulgaria,0.917,0.917,0.917,0.917,0.250,0.917,1.500,0.917,1.000,0.917
358,Levski,Bulgaria,0.500,0.250,0.708,0.708,0.500,0.500,1.000,1.500,0.708,0.708
359,Botev Plovdiv,Bulgaria,0.833,1.000,0.500,0.833,0.833,1.000,0.833,0.833,0.833,0.833
360,Dunav,Bulgaria,0.25,0.25,0.25,0.25,0.25,0.250,0.25,0.25,0.25,0.25
361,Beroe,Bulgaria,0.5,0.500,0.5,0.500,0.500,0.5,0.5,0.5,0.5,0.5
362,Cherno More,Bulgaria,0.5,0.5,0.5,0.500,0.5,0.5,0.5,0.5,0.5,0.5
363,Litex,Bulgaria,0.375,0.375,0.500,0.250,0.375,0.375,0.375,0.375,0.375,0.375
364,CSKA Sofia,Bulgaria,0.500,0.5,0.500,0.5,0.5,0.5,0.5,0.5,0.5,0.5
365,Laç,Albania,1.0,0.250,0.500,0.250,1.0,1.0,1.500,1.000,1.500,2.000
366,Vardar,North Macedonia,1.000,1.000,1.167,1.000,1.000,2.000,1.000,1.167,1.167,1.167
367,Keşla,Azerbaijan,0.500,0.500,0.500,1.000,0.812,0.500,1.000,0.812,1.000,1.500
368,Sumqayıt,Azerbaijan,1.25,1.25,1.25,1.25,1.25,1.25,1.25,1.25,1.000,1.500
369,Sabail,Azerbaijan,1.0,1.0,1.0,1.0,1.0,1.0,1.0,1.000,1.0,1.0
370,PFC Zire,Azerbaijan,0.5,0.5,0.5,0.5,0.5,0.500,0.5,0.5,0.5,0.5
371,Käpäz,Azerbaijan,0.5,0.5,0.5,0.5,0.500,0.5,0.5,0.5,0.5,0.5
372,Xäzär Länkäran,Azerbaijan,0.500,0.500,0.5,0.5,0.5,0.5,0.5,0.5,0.5,0.5
373,Bakı,Azerbaijan,0.250,0.25,0.25,0.25,0.25,0.25,0.25,0.25,0.25,0.25
374,Milsami,Moldova,0.500,1.000,0.964,1.500,0.964,0.250,1.000,1.000,0.964,1.500
375,Stjarnan,Iceland,1.125,1.125,1.500,1.000,1.125,0.250,1.500,1.500,1.125,1.000
376,Shakhter,Kazakhstan,1.000,2.000,1.000,1.625,1.625,1.625,1.625,1.625,1.625,2.500
377,Dinamo Brest,Belarus,1.625,1.625,1.625,1.625,1.625,0.500,2.000,1.625,2.500,1.500
378,Dunajská Streda,Slovakia,1.625,1.625,1.625,1.625,1.625,1.625,1.500,1.500,2.000,1.500
379,B36,Faroe Islands,0.500,0.812,0.250,0.500,0.500,0.250,1.500,1.000,2.000,0.812
380,Honvéd,Hungary,0.500,0.500,1.083,1.083,1.083,1.000,1.500,1.500,1.500,1.083
381,KR Reykjavik,Iceland,1.000,0.500,1.000,0.500,0.500,0.500,0.812,1.000,1.500,0.812
382,Željezničar,Bosnia and Herzegovina,1.000,1.000,0.500,1.000,0.929,0.500,1.500,0.929,1.000,0.929
383,Pyunik,Armenia,0.250,0.500,0.250,1.000,0.250,0.250,2.000,2.000,0.812,0.812
384,Debrecen,Hungary,1.500,0.500,1.500,1.000,0.500,1.083,1.083,1.500,1.083,1.083
385,Torpedo Zhodino,Belarus,0.917,0.917,0.917,0.250,1.000,0.917,0.917,0.917,0.917,1.500
386,Vitebsk,Belarus,1.0,1.0,1.0,1.0,1.0,1.0,1.0,1.000,1.0,1.0
387,Neman,Belarus,0.5,0.5,0.500,0.5,0.5,0.5,0.5,0.5,0.5,0.5
388,Minsk,Belarus,1.5,1.500,1.5,1.5,1.5,1.5,1.5,1.5,1.5,1.5
389,Gomel,Belarus,1.000,1.0,1.0,1.0,1.0,1.0,1.0,1.0,1.0,1.0
390,Naftan,Belarus,0.500,0.5,0.5,0.5,0.5,0.5,0.5,0.5,0.5,0.5
391,Connah's Quay,Wales,1.042,1.042,1.042,1.042,0.500,0.250,1.000,1.500,1.500,1.500
392,KÍ,Faroe Islands,1.25,1.25,1.25,1.25,1.25,0.250,1.000,1.500,2.500,1.000
393,Crusaders,Northern Ireland,0.250,0.250,0.500,1.000,1.000,0.250,1.500,1.500,0.781,0.781
394,Tobol,Kazakhstan,1.5,1.5,1.5,1.5,1.5,1.5,1.500,1.000,1.5,2.000
395,Kaysar,Kazakhstan,1.5,1.5,1.5,1.5,1.5,1.5,1.5,1.5,1.500,1.5
396,Ordabasy,Kazakhstan,0.500,0.625,0.625,0.250,0.250,0.250,0.625,1.500,1.000,0.625
397,Irtysh,Kazakhstan,0.667,0.500,0.667,0.667,0.667,0.500,1.000,0.667,0.667,0.667
398,Aktobe,Kazakhstan,1.000,1.500,1.500,0.250,0.250,0.9,0.9,0.9,0.9,0.9
399,Zhetysu,Kazakhstan,0.250,0.25,0.25,0.25,0.25,0.25,0.25,0.25,0.25,0.25
400,Partizani,Albania,1.0,1.0,1.0,0.250,1.500,0.250,1.000,1.500,1.0,1.500
401,HB,Faroe Islands,0.821,0.250,1.000,0.250,0.250,0.821,0.821,1.500,0.500,2.000
402,Valur,Iceland,1.15,1.15,1.15,1.15,0.250,0.500,2.000,1.500,1.15,1.500
403,Široki Brijeg,Bosnia and Herzegovina,0.500,1.000,0.500,0.719,0.250,0.500,1.000,1.000,0.719,1.000
404,Progrès,Luxembourg,1.15,1.15,1.15,0.250,1.15,0.500,2.000,1.500,1.500,1.15
405,Riteriai,Lithuania,0.958,0.958,0.958,0.500,0.250,1.000,1.500,1.000,1.500,0.958
406,NŠ Mura,Slovenia,1.833,1.833,1.833,1.833,1.833,1.833,1.833,1.000,2.000,2.500
407,Celje,Slovenia,0.250,0.250,0.688,0.250,0.688,0.688,0.688,0.688,2.000,0.688
408,Rudar Velenje,Slovenia,0.875,0.875,0.250,0.875,0.875,0.875,1.500,0.875,0.875,0.875
409,Gorica,Slovenia,0.417,0.417,0.500,0.417,0.250,0.500,0.417,0.417,0.417,0.417
410,Koper,Slovenia,0.5,0.5,0.500,0.500,0.5,0.5,0.5,0.5,0.5,0.5
411,ND Mura 05,Slovenia,1.500,1.5,1.5,1.5,1.5,1.5,1.5,1.5,1.5,1.5
412,Liepāja,Latvia,1.1,1.1,1.1,1.1,1.000,0.500,1.000,1.500,1.1,1.500
413,Europa,Gibraltar,0.688,0.688,0.250,0.250,0.500,0.500,0.500,1.000,1.500,1.000
414,La Fiorita,San Marino,0.250,0.250,0.500,0.250,0.250,0.500,1.500,0.500,0.500,1.000
415,Ružomberok,Slovakia,1.0,1.0,1.0,1.0,1.0,1.000,1.0,1.000,1.000,1.0
416,Spartak Myjava,Slovakia,0.25,0.25,0.25,0.25,0.250,0.25,0.25,0.25,0.25,0.25
417,Košice,Slovakia,0.5,0.5,0.500,0.5,0.5,0.5,0.5,0.5,0.5,0.5
418,Senica,Slovakia,0.500,0.500,0.5,0.5,0.5,0.5,0.5,0.5,0.5,0.5
419,Teuta,Albania,0.250,0.250,0.875,0.875,0.250,0.875,0.875,1.000,1.500,2.000
420,Breidablik,Iceland,1.05,1.000,1.05,1.05,0.250,1.05,1.05,1.000,1.000,2.000
421,Dila,Georgia,1.500,1.500,1.05,1.000,0.250,1.05,1.05,1.05,1.05,1.000
422,Újpest,Hungary,1.75,1.75,1.75,1.75,1.75,1.75,1.500,1.75,1.75,2.000
423,Puskás Akadémia,Hungary,1.25,1.25,1.25,1.25,1.25,1.25,1.25,1.25,1.000,1.500
424,Vasas,Hungary,0.25,0.25,0.25,0.25,0.25,0.250,0.25,0.25,0.25,0.25
425,MTK,Hungary,0.250,0.333,0.333,0.250,0.500,0.333,0.333,0.333,0.333,0.333
426,Diósgyőr,Hungary,1.0,1.0,1.000,1.0,1.0,1.0,1.0,1.0,1.0,1.0
427,Győr,Hungary,0.75,1.000,0.500,0.75,0.75,0.75,0.75,0.75,0.75,0.75
428,Drita,Kosovo,1.667,1.667,1.667,1.667,1.667,1.667,1.500,1.667,2.000,1.500
429,Birkirkara,Malta,0.250,1.000,0.250,0.500,1.000,0.714,0.500,0.714,0.714,1.500
430,Ararat-Armenia,Armenia,2.5,2.5,2.5,2.5,2.5,2.5,2.5,2.500,2.500,2.5
431,Chikhura,Georgia,0.833,0.500,1.000,0.833,0.250,0.250,1.500,1.500,0.833,0.833
432,Titograd,Montenegro,0.833,1.000,0.833,0.500,1.000,0.500,1.000,1.000,0.833,0.833
433,Tre Penne,San Marino,0.500,0.500,0.679,0.679,0.500,0.250,0.679,1.500,0.500,1.000
434,Cork,Republic of Ireland,0.95,0.95,0.95,0.250,1.000,0.500,2.000,1.000,0.95,0.95
435,Cliftonville,Northern Ireland,0.250,1.000,1.000,0.792,0.500,0.792,1.000,1.000,0.792,0.792
436,Vikingur,Faroe Islands,0.250,0.500,1.000,0.250,0.250,1.000,1.500,0.679,0.679,0.679
437,Shkupi,North Macedonia,1.125,1.125,1.125,1.125,1.125,1.125,1.000,1.000,1.000,1.500
438,Petrocub,Moldova,1.125,1.125,1.125,1.125,1.125,1.125,1.000,1.000,1.000,1.500
439,NSÍ,Faroe Islands,0.250,0.562,0.562,0.250,0.250,0.250,1.000,0.500,1.000,1.000
440,Prishtina,Kosovo,0.85,0.85,0.85,0.85,0.85,0.250,1.000,0.500,0.500,2.000
441,Torpedo Kutaisi,Georgia,0.250,0.250,0.85,0.85,0.85,0.250,2.500,1.000,0.85,0.85
442,Rabotnicki,North Macedonia,0.85,0.85,1.000,1.500,0.250,0.500,1.000,0.85,0.85,0.85
443,FCSG,Moldova,1.25,1.25,1.25,1.25,1.25,1.25,1.25,1.25,1.500,1.000
444,Dinamo-Auto,Moldova,1.0,1.0,1.0,1.0,1.0,1.0,1.0,1.0,1.000,1.0
445,Speranța Nisporeni,Moldova,1.0,1.0,1.0,1.0,1.0,1.0,1.0,1.000,1.0,1.0
446,Zaria Balti,Moldova,0.583,0.583,0.583,0.583,0.250,0.500,1.000,0.583,0.583,0.583
447,Dacia,Moldova,0.500,0.500,0.4,0.500,0.250,0.250,0.4,0.4,0.4,0.4
448,Zimbru,Moldova,0.500,0.833,1.500,0.833,0.500,0.833,0.833,0.833,0.833,0.833
449,Saxan,Moldova,0.25,0.25,0.25,0.250,0.25,0.25,0.25,0.25,0.25,0.25
450,Tiraspol,Moldova,0.25,0.250,0.250,0.25,0.25,0.25,0.25,0.25,0.25,0.25
451,Veris,Moldova,0.25,0.25,0.250,0.25,0.25,0.25,0.25,0.25,0.25,0.25
452,RFS,Latvia,1.333,1.333,1.333,1.333,1.333,1.333,1.333,1.000,1.000,2.000
453,Gżira,Malta,1.333,1.333,1.333,1.333,1.333,1.333,1.000,1.500,1.333,1.500
454,Bala,Wales,0.571,0.250,0.571,0.250,0.250,0.250,0.500,0.571,1.500,1.000
455,Shirak,Armenia,0.500,1.000,0.250,0.500,0.500,0.250,0.571,0.571,1.000,0.571
456,St Patrick's,Republic of Ireland,1.000,0.250,1.000,0.250,0.500,0.667,0.667,1.000,0.667,0.667
457,Coleraine,Northern Ireland,0.938,0.938,0.938,0.938,0.938,0.250,1.000,0.938,1.500,1.000
458,Inter Turku,Finland,0.500,0.250,0.75,0.75,0.75,0.75,0.75,1.000,1.000,1.000
459,Urartu,Armenia,0.75,0.75,0.500,0.75,0.250,0.75,1.000,1.000,0.75,1.000
460,Zeta,Montenegro,1.500,0.938,0.938,0.938,0.938,0.250,0.938,1.000,1.000,0.938
461,Differdange,Luxembourg,0.500,1.000,0.250,0.500,0.250,0.250,0.536,0.536,1.000,0.536
462,Spartaks Jūrmala,Latvia,0.938,0.938,0.938,0.500,0.250,1.000,2.000,0.938,0.938,0.938
463,Dinamo Batumi,Georgia,0.875,0.875,0.875,0.250,0.875,0.250,0.875,0.875,1.000,2.000
464,Kauno Žalgiris,Lithuania,1.167,1.167,1.167,1.167,1.167,1.167,1.167,1.000,1.000,1.500
465,Eschen/Mauren,Liechtenstein,0.250,0.25,0.25,0.25,0.25,0.25,0.25,0.25,0.25,0.25
466,Honka,Finland,0.812,0.500,0.250,0.812,0.812,0.812,0.812,0.812,1.000,1.500
467,Ilves,Finland,1.0,1.0,1.0,1.0,1.0,1.0,1.000,1.0,1.000,1.0
468,RoPS,Finland,0.667,0.667,0.500,0.667,0.500,0.667,0.667,1.000,0.667,0.667
469,Lahti,Finland,0.625,0.625,0.625,0.250,0.625,0.625,1.000,0.625,0.625,0.625
470,Mariehamn,Finland,0.5,0.250,0.5,0.5,0.250,1.000,0.5,0.5,0.5,0.5
471,VPS,Finland,0.333,0.333,0.250,0.250,0.333,0.500,0.333,0.333,0.333,0.333
472,SJK,Finland,0.5,0.5,0.5,0.250,1.000,0.250,0.5,0.5,0.5,0.5
473,MYPA,Finland,0.500,0.5,0.500,0.5,0.5,0.5,0.5,0.5,0.5,0.5
474,TPS,Finland,0.25,0.250,0.25,0.25,0.25,0.25,0.25,0.25,0.25,0.25
475,JJK,Finland,0.500,0.5,0.5,0.5,0.5,0.5,0.5,0.5,0.5,0.5
476,Bohemians,Republic of Ireland,0.250,1.083,1.083,1.083,1.083,1.083,1.083,1.083,1.000,2.000
477,Borac,Bosnia and Herzegovina,0.250,1.083,1.083,1.083,1.083,1.083,1.083,1.083,1.500,1.500
478,Folgore,San Marino,0.542,0.542,0.250,0.500,0.250,0.250,0.500,0.542,0.542,1.500
479,St Joseph's,Gibraltar,0.65,0.65,0.65,0.65,0.65,0.250,0.500,1.000,0.500,1.000
480,Tirana,Albania,0.500,1.083,1.083,1.083,1.083,0.250,1.083,1.083,2.500,1.083
481,Derry,Republic of Ireland,0.65,0.500,0.500,0.65,0.65,0.250,1.000,0.65,1.000,0.65
482,Balzan,Malta,0.65,0.65,0.65,0.250,0.250,0.250,1.500,1.000,0.65,0.65
483,Velež,Bosnia and Herzegovina,2.0,2.0,2.0,2.0,2.0,2.0,2.0,2.0,2.0,2.000
484,Radnik Bijeljina,Bosnia and Herzegovina,0.625,0.625,0.625,0.625,0.250,0.625,0.625,1.000,0.625,0.625
485,Sloboda,Bosnia and Herzegovina,0.25,0.25,0.25,0.25,0.250,0.25,0.25,0.25,0.25,0.25
486,Olimpic Sarajevo,Bosnia and Herzegovina,0.25,0.25,0.25,0.250,0.25,0.25,0.25,0.25,0.25,0.25
487,Inter Escaldes,Andorra,1.5,1.5,1.5,1.5,1.5,1.5,1.5,1.5,1.500,1.500
488,Sligo,Republic of Ireland,0.500,1.000,0.500,0.75,0.75,0.75,0.75,0.75,0.75,1.000
489,Tre Fiori,San Marino,1.0,1.0,1.0,1.0,1.0,1.0,1.000,0.500,1.500,1.0
490,Saburtalo,Georgia,1.5,1.5,1.5,1.5,1.5,1.5,1.5,2.000,1.000,1.5
491,Rudar Pljevlja,Montenegro,0.250,0.500,0.6,1.000,0.250,0.6,1.000,0.6,0.6,0.6
492,Valmiera,Latvia,1.0,1.0,1.0,1.0,1.0,1.0,1.0,1.0,1.000,1.000
493,Jelgava,Latvia,0.5,0.5,0.250,0.500,1.000,0.250,0.5,0.5,0.5,0.5
494,Skonto,Latvia,0.500,0.500,0.5,0.500,0.5,0.5,0.5,0.5,0.5,0.5
495,Daugava Daugavpils,Latvia,0.250,1.000,0.250,0.5,0.5,0.5,0.5,0.5,0.5,0.5
496,Daugava Rīga,Latvia,0.25,0.25,0.250,0.25,0.25,0.25,0.25,0.25,0.25,0.25
497,Liepājas Metalurgs,Latvia,0.500,0.250,0.375,0.375,0.375,0.375,0.375,0.375,0.375,0.375
498,UCD,Republic of Ireland,0.5,0.5,0.5,0.500,0.5,0.5,0.5,0.5,0.5,0.5
499,Drogheda,Republic of Ireland,0.25,0.250,0.25,0.25,0.25,0.25,0.25,0.25,0.25,0.25
500,Vllaznia,Albania,1.5,1.5,1.5,1.5,1.5,1.5,1.5,1.5,1.5,1.500
501,Luftëtari,Albania,1.0,1.0,1.0,1.0,1.0,1.0,1.000,1.0,1.0,1.0
502,Flamurtari,Albania,0.250,0.375,0.500,0.375,0.375,0.375,0.375,0.375,0.375,0.375
503,Panevezys,Lithuania,1.5,1.5,1.5,1.5,1.5,1.5,1.5,1.5,1.5,1.500
504,Stumbras,Lithuania,1.0,1.0,1.0,1.0,1.0,1.0,1.000,1.0,1.0,1.0
505,Atlantas,Lithuania,0.312,0.312,0.500,0.250,0.250,0.250,0.312,0.312,0.312,0.312
506,Kruoja,Lithuania,0.25,0.250,0.25,0.250,0.25,0.25,0.25,0.25,0.25,0.25
507,Ekranas,Lithuania,1.500,1.000,0.250,0.917,0.917,0.917,0.917,0.917,0.917,0.917
508,Banga,Lithuania,0.25,0.25,0.250,0.25,0.25,0.25,0.25,0.25,0.25,0.25
509,Šiauliai,Lithuania,0.250,0.25,0.25,0.25,0.25,0.25,0.25,0.25,0.25,0.25
510,Sileks,North Macedonia,0.917,0.917,0.917,0.917,0.250,0.917,0.917,0.917,1.500,1.000
511,Sant Julià,Andorra,0.458,0.458,0.250,0.250,0.458,0.250,0.500,0.500,0.458,1.000
512,Víkingur Reykjavík,Iceland,0.625,0.625,0.625,0.250,0.625,0.625,0.625,0.625,1.000,0.625
513,Jeunesse Esch,Luxembourg,0.250,0.500,0.250,0.55,0.250,0.55,0.55,1.500,0.55,0.55
514,ÍBV,Iceland,0.250,0.500,0.583,0.583,0.583,0.583,1.000,0.583,0.583,0.583
515,Fram,Iceland,0.25,0.25,0.250,0.25,0.25,0.25,0.25,0.25,0.25,0.25
516,Thór,Iceland,0.500,0.5,0.5,0.5,0.5,0.5,0.5,0.5,0.5,0.5
517,Racing Union,Luxembourg,1.0,1.0,1.0,1.0,1.0,1.0,1.000,1.0,1.0,1.000
518,Swift,Luxembourg,1.0,1.0,1.0,1.0,1.0,1.0,1.0,1.0,1.0,1.000
519,Union Titus Petange,Luxembourg,1.0,1.0,1.0,1.0,1.0,1.0,1.0,1.0,1.000,1.0
520,Grevenmacher,Luxembourg,0.250,0.25,0.25,0.25,0.25,0.25,0.25,0.25,0.25,0.25
521,Gagra,Georgia,1.0,1.0,1.0,1.0,1.0,1.0,1.0,1.0,1.0,1.000
522,Locomotive Tbilisi,Georgia,2.0,2.0,2.0,2.0,2.0,2.0,2.0,2.0,2.000,2.0
523,Samtredia,Georgia,0.75,0.75,0.75,0.75,0.250,1.000,1.000,0.75,0.75,0.75
524,Tskhinvali,Georgia,0.25,0.25,0.25,0.250,0.25,0.25,0.25,0.25,0.25,0.25
525,Zestafoni,Georgia,1.000,0.75,0.500,0.75,0.75,0.75,0.75,0.75,0.75,0.75
526,Sioni,Georgia,0.25,0.25,0.250,0.25,0.25,0.25,0.25,0.25,0.25,0.25
527,Metalurgi Rustavi,Georgia,0.500,0.5,0.5,0.5,0.5,0.5,0.5,0.5,0.5,0.5
528,Ararat,Armenia,1.5,1.5,1.5,1.5,1.5,1.5,1.5,1.5,1.5,1.500
529,Noah,Armenia,1.0,1.0,1.0,1.0,1.0,1.0,1.0,1.0,1.000,1.000
530,Gandzasar,Armenia,0.500,0.250,0.5,0.5,0.5,0.250,1.000,0.5,0.5,0.5
531,Ulisses,Armenia,1.000,0.625,0.625,0.250,0.625,0.625,0.625,0.625,0.625,0.625
532,Mika,Armenia,0.25,0.250,0.250,0.25,0.25,0.25,0.25,0.25,0.25,0.25
533,Struga,North Macedonia,1.0,1.0,1.0,1.0,1.0,1.0,1.0,1.0,1.0,1.000
534,Renova,North Macedonia,0.500,0.75,0.75,0.250,0.75,0.75,0.75,0.75,1.500,0.75
535,Makedonija,North Macedonia,1.0,1.0,1.0,1.0,1.0,1.0,1.0,1.000,1.0,1.0
536,Akademija Pandev,North Macedonia,1.0,1.0,1.0,1.0,1.0,1.0,1.0,1.000,1.0,1.0
537,Pelister,North Macedonia,0.25,0.25,0.25,0.25,0.25,0.250,0.25,0.25,0.25,0.25
538,Metalurg Skopje,North Macedonia,0.500,0.250,1.000,0.583,0.583,0.583,0.583,0.583,0.583,0.583
539,Turnovo,North Macedonia,0.375,0.500,0.250,0.375,0.375,0.375,0.375,0.375,0.375,0.375
540,Teteks,North Macedonia,0.25,0.250,0.25,0.25,0.25,0.25,0.25,0.25,0.25,0.25
541,Larne,Northern Ireland,2.0,2.0,2.0,2.0,2.0,2.0,2.0,2.0,2.0,2.000
542,Glentoran,Northern Ireland,0.625,0.250,0.625,0.250,0.625,0.625,0.625,0.625,1.000,1.000
543,Ballymena,Northern Ireland,0.625,0.625,0.625,0.625,0.625,0.250,0.625,1.000,0.625,0.625
544,Glenavon,Northern Ireland,0.438,0.438,0.250,0.250,0.250,0.438,1.000,0.438,0.438,0.438
545,Portadown,Northern Ireland,0.500,0.5,0.5,0.5,0.5,0.5,0.5,0.5,0.5,0.5
546,Floriana,Malta,0.250,0.833,0.833,0.833,0.833,0.250,0.833,0.833,2.000,0.833
547,Engordany,Andorra,0.833,0.833,0.833,0.833,0.833,0.833,1.000,1.000,0.500,0.833
548,Trans,Estonia,0.250,0.250,0.625,0.625,0.625,0.625,1.000,1.000,0.625,0.625
549,Paide,Estonia,1.0,1.0,1.0,1.0,1.0,1.0,1.0,1.0,1.000,1.000
550,FCI,Estonia,0.375,0.375,0.375,0.375,0.250,0.500,0.375,0.375,0.375,0.375
551,Sillamäe,Estonia,0.375,0.375,0.500,0.250,0.375,0.375,0.375,0.375,0.375,0.375
552,Santos Tartu,Estonia,0.25,0.25,0.250,0.25,0.25,0.25,0.25,0.25,0.25,0.25
553,Mosta,Malta,1.0,1.0,1.0,1.0,1.0,1.0,1.0,1.0,1.0,1.000
554,Sirens,Malta,1.0,1.0,1.0,1.0,1.0,1.0,1.0,1.0,1.000,1.0
555,Sliema,Malta,0.25,0.250,0.250,0.25,0.25,0.25,0.25,0.25,0.25,0.25
556,ÍF,Faroe Islands,0.25,0.250,0.250,0.25,0.25,0.25,0.25,0.25,0.25,0.25
557,EB/Streymur,Faroe Islands,0.250,1.000,0.625,0.625,0.625,0.625,0.625,0.625,0.625,0.625
558,Dečić,Montenegro,1.0,1.0,1.0,1.0,1.0,1.0,1.0,1.0,1.0,1.000
559,FK Podgorica,Montenegro,1.0,1.0,1.0,1.0,1.0,1.0,1.0,1.0,1.0,1.000
560,Iskra,Montenegro,1.0,1.0,1.0,1.0,1.0,1.0,1.0,1.0,1.000,1.0
561,Bokelj,Montenegro,0.25,0.25,0.25,0.25,0.250,0.25,0.25,0.25,0.25,0.25
562,Čelik Nikšić,Montenegro,0.500,0.250,0.250,0.333,0.333,0.333,0.333,0.333,0.333,0.333
563,Lovćen,Montenegro,0.25,0.25,0.250,0.25,0.25,0.25,0.25,0.25,0.25,0.25
564,Newtown,Wales,0.75,0.75,0.75,0.500,0.75,0.75,0.75,0.75,0.75,1.000
565,Barry,Wales,0.5,0.5,0.5,0.5,0.5,0.5,0.5,0.500,0.500,0.5
566,Cardiff Met,Wales,0.5,0.5,0.5,0.5,0.5,0.5,0.5,0.500,0.5,0.5
567,Cefn Druids,Wales,0.250,0.375,0.375,0.375,0.375,0.375,0.500,0.375,0.375,0.375
568,Bangor,Wales,0.250,0.25,0.250,0.25,0.25,0.250,0.25,0.25,0.25,0.25
569,Llandudno,Wales,0.25,0.25,0.25,0.25,0.250,0.25,0.25,0.25,0.25,0.25
570,Broughton,Wales,0.25,0.250,0.250,0.250,0.25,0.25,0.25,0.25,0.25,0.25
571,Aberystwyth,Wales,0.25,0.25,0.250,0.25,0.25,0.25,0.25,0.25,0.25,0.25
572,Prestatyn,Wales,0.5,0.500,0.5,0.5,0.5,0.5,0.5,0.5,0.5,0.5
573,Llanelli,Wales,0.250,0.25,0.25,0.25,0.25,0.25,0.25,0.25,0.25,0.25
574,Llapi,Kosovo,1.0,1.0,1.0,1.0,1.0,1.0,1.0,1.0,1.0,1.000
575,Gjilani,Kosovo,1.0,1.0,1.0,1.0,1.0,1.0,1.0,1.0,1.000,1.0
576,Feronikeli,Kosovo,1.5,1.5,1.5,1.5,1.5,1.5,1.5,1.500,1.5,1.5
577,Trepça’89,Kosovo,0.5,0.5,0.5,0.5,0.5,0.500,0.5,0.5,0.5,0.5
578,Mons Calpe,Gibraltar,1.0,1.0,1.0,1.0,1.0,1.0,1.0,1.0,1.0,1.000
579,Lusitans,Andorra,0.500,0.500,0.375,0.250,0.250,0.375,0.375,0.375,0.375,0.375
580,UE Santa Coloma,Andorra,0.250,0.250,0.250,0.25,0.250,0.250,0.25,0.25,0.25,0.25
581,Libertas,San Marino,0.250,0.250,0.250,0.25,0.25,0.25,0.25,0.25,0.25,0.25
582,Juvenes/Dogana,San Marino,0.25,0.25,0.25,0.250,0.25,0.25,0.25,0.25,0.25,0.25
