,2012-2013,2013-2014,2014-2015,2015-2016,2016-2017,2017-2018,2018-2019,2019-2020,2020-2021,2021-2022
Real Madrid,26.000,35.000,29.000,33.000,33.000,32.000,19.000,17.000,26.000,30.000
Bayern,33.000,27.000,28.000,29.000,22.000,29.000,20.000,36.000,27.000,26.000
Barcelona,24.000,24.000,34.000,26.000,23.000,25.000,30.000,24.000,20.000,15.000
Juventus,23.000,23.000,29.000,18.000,33.000,23.000,21.000,22.000,21.000,20.000
Chelsea,27.000,25.000,21.000,18.000,23.778,18.000,30.000,17.000,33.000,25.000
Atlético,10.000,33.000,22.000,28.000,29.000,28.000,20.000,22.000,16.000,19.000
Paris,25.000,25.000,21.000,24.000,20.000,19.000,19.000,31.000,24.000,19.000
Manchester City,7.000,19.000,15.000,26.000,18.000,22.000,25.000,25.000,35.000,27.000
Liverpool,9.000,21.875,10.000,22.000,21.875,30.000,29.000,18.000,24.000,33.000
Manchester United,18.000,23.000,20.556,13.000,26.000,20.000,19.000,22.000,26.000,18.000
Sevilla,20.333,22.000,28.000,23.000,19.000,21.000,13.000,26.000,19.000,12.000
Dortmund,30.000,22.000,18.000,17.000,22.000,10.000,18.000,18.000,22.000,10.000
Porto,20.000,16.000,25.000,11.000,17.000,17.000,23.000,7.000,23.000,10.000
Arsenal,18.000,18.000,20.000,15.000,19.000,21.000,26.000,10.000,23.000,18.889
Benfica,26.000,29.000,8.000,22.000,17.000,4.000,17.000,10.000,10.000,20.000
Ajax,9.000,10.000,14.000,6.000,22.000,1.500,27.000,13.000,19.000,22.000
Shakhtar Donetsk,17.000,11.000,17.000,20.000,14.000,19.000,10.000,22.000,14.000,6.000
Tottenham,16.000,15.000,9.000,12.000,10.000,21.000,26.000,16.000,15.000,5.000
Napoli,6.000,16.000,22.000,13.000,17.000,10.000,18.000,19.000,10.000,9.000
Roma,17.375,17.375,12.000,14.000,13.000,25.000,17.000,11.000,24.000,23.000
Lyon,12.000,15.000,1.500,7.000,22.000,14.000,17.000,23.000,14.722,21.000
Leverkusen,9.000,16.000,18.000,14.000,18.000,14.222,11.000,18.000,10.000,14.000
Villarreal,17.429,17.429,12.000,23.000,9.000,8.000,16.000,17.429,30.000,24.000
Zenit,13.000,16.000,17.000,19.000,12.000,14.000,10.000,9.000,5.000,8.000
Basel,16.000,19.000,15.000,12.000,6.000,19.000,2.500,19.000,2.500,12.000
Inter,14.000,13.857,12.000,13.857,4.000,13.857,15.000,25.000,9.000,18.000
Milan,17.000,16.000,11.833,11.833,11.833,12.000,7.000,11.833,12.000,7.000
Salzburg,1.000,17.000,11.000,1.500,5.000,21.000,16.000,10.000,7.000,17.000
Dynamo Kyiv,9.000,8.000,16.000,18.000,8.000,12.000,11.000,6.000,10.000,5.000
Olympiacos,10.000,18.000,11.000,10.000,10.000,5.000,8.000,10.000,10.000,8.000
Schalke,19.000,16.000,17.000,11.000,18.000,16.333,17.000,16.333,16.333,16.333
Valencia,19.000,22.000,19.0,14.000,19.0,19.0,23.000,17.000,19.0,19.0
Lazio,18.000,10.000,11.875,14.000,11.875,17.000,6.000,4.000,17.000,9.000
Galatasaray,22.000,15.000,5.000,9.000,9.222,0.500,8.000,6.000,2.500,15.000
Sporting CP,4.000,9.167,10.000,7.000,6.000,17.000,10.000,10.000,2.500,16.000
Leipzig,16.6,16.6,16.6,16.6,16.6,17.000,5.000,27.000,17.000,17.000
PSV,5.000,5.000,6.000,18.000,6.000,1.000,6.000,6.000,10.000,10.000
Frankfurt,18.25,12.000,18.25,18.25,18.25,18.25,24.000,9.000,18.25,28.000
Monaco,12.833,12.833,21.000,5.000,25.000,6.000,5.000,12.833,12.833,15.000
Celtic,16.000,6.000,7.000,3.000,7.000,8.000,6.000,10.000,3.000,6.000
Braga,6.000,1.500,8.167,15.000,5.000,9.000,2.000,10.000,9.000,16.000
Copenhagen,6.000,7.000,3.000,1.000,16.000,7.000,4.000,14.000,2.500,13.000
Beşiktaş,7.889,0.000,11.000,7.000,20.000,19.000,5.000,3.000,2.000,4.000
Dinamo Zagreb,5.000,2.000,4.000,6.000,4.000,1.500,14.000,8.000,17.000,9.000
Club Brugge,3.000,1.000,19.000,4.000,4.000,1.500,11.000,8.000,11.000,7.000
Marseille,4.000,4.000,8.714,9.000,8.714,19.000,3.000,8.714,6.000,16.000
Atalanta,13.3,13.3,13.3,13.3,13.3,11.000,2.500,20.000,17.000,16.000
Plzeň,14.000,11.000,1.000,3.000,5.000,13.000,11.000,2.000,2.500,2.500
Anderlecht,8.000,5.000,10.000,11.000,16.000,6.000,3.000,7.688,7.688,2.500
CSKA Moskva,1.500,6.000,8.000,7.000,7.000,17.000,9.000,4.000,3.000,6.944
Feyenoord,1.500,1.500,9.000,6.333,5.000,6.000,2.000,4.000,4.000,24.000
Wolfsburg,12.5,12.5,16.000,24.000,12.5,12.5,12.5,12.000,2.500,8.000
Mönchengladbach,9.000,9.833,9.000,8.000,12.000,9.833,9.833,6.000,15.000,9.833
Young Boys,7.000,6.611,8.000,1.500,6.000,5.000,7.000,6.000,11.000,8.000
Fenerbahçe,22.000,0.000,8.357,12.000,10.000,1.500,8.000,8.357,8.357,5.000
AZ Alkmaar,1.500,16.000,6.875,3.000,6.000,6.875,1.500,8.000,6.000,13.000
Sparta Praha,8.000,0.500,7.000,17.000,9.000,1.000,1.500,2.000,4.000,5.000
Genk,10.000,11.000,9.167,9.167,16.000,9.167,9.000,5.000,9.167,4.000
Fiorentina,13.5,15.000,20.000,8.000,11.000,13.5,13.5,13.5,13.5,13.5
PAOK,1.500,9.000,5.000,6.000,8.000,1.500,3.000,2.500,5.000,13.000
Gent,1.000,6.812,6.812,16.000,10.000,1.000,2.500,10.000,3.000,11.000
Crvena zvezda,1.500,1.000,5.583,0.250,1.500,8.000,7.000,6.000,10.000,15.000
Ludogorets,1.000,14.000,7.000,1.000,8.000,7.000,4.000,6.000,3.000,3.000
Slavia Praha,8.917,8.917,8.917,8.917,1.500,6.000,14.000,6.000,16.000,10.000
FCSB,12.000,7.000,5.000,1.500,5.000,9.000,2.500,2.500,2.000,1.500
Rangers,10.05,10.05,10.05,10.05,10.05,0.250,5.000,11.000,15.000,19.000
Athletic Club,4.000,10.0,10.000,17.000,9.000,10.000,10.0,10.0,10.0,10.0
Krasnodar,6.929,6.929,5.000,9.000,8.000,1.500,11.000,6.000,8.000,6.929
Leicester,15.0,15.0,15.0,15.0,22.000,15.0,15.0,15.0,10.000,13.000
Dnipro,11.000,10.000,19.000,5.000,11.25,11.25,11.25,11.25,11.25,11.25
Lokomotiv Moskva,6.357,6.357,1.500,9.000,6.357,12.000,6.000,6.000,7.000,3.000
M. Tel-Aviv,4.889,9.000,1.500,4.000,5.000,3.000,2.500,2.000,8.000,9.000
BATE,9.000,1.000,6.000,8.000,1.500,4.000,8.000,2.500,1.500,1.500
LOSC,6.000,6.833,4.000,6.833,1.000,6.833,6.833,5.000,8.000,17.000
APOEL,1.500,4.000,5.000,2.000,10.000,6.000,2.500,7.000,2.500,4.5
Betis,11.0,12.000,11.0,11.0,11.0,11.0,10.000,11.0,11.0,11.000
Real Sociedad,6.5,5.000,1.500,6.5,6.5,9.000,6.5,6.5,8.000,9.000
Granada,13.0,13.0,13.0,13.0,13.0,13.0,13.0,13.0,13.000,13.0
Getafe,11.0,11.0,11.0,11.0,11.0,11.0,11.0,11.000,11.0,11.0
Espanyol,10.0,10.0,10.0,10.0,10.0,10.0,10.0,10.000,10.0,10.0
Celta,19.0,19.0,19.0,19.0,19.000,19.0,19.0,19.0,19.0,19.0
Málaga,22.000,22.0,22.0,22.0,22.0,22.0,22.0,22.0,22.0,22.0
Levante,13.000,13.0,13.0,13.0,13.0,13.0,13.0,13.0,13.0,13.0
Qarabağ,4.389,1.500,5.000,3.000,5.000,6.000,3.000,4.000,3.000,9.000
Rapid Wien,2.000,5.000,1.500,10.000,5.000,4.938,7.000,4.938,5.000,4.000
Spartak Moskva,6.000,1.500,5.429,5.429,1.000,11.000,4.000,2.500,5.429,12.000
Partizan,3.000,1.500,2.000,6.000,0.500,7.000,2.500,6.000,2.000,7.000
Legia,1.500,2.000,10.000,3.000,8.000,1.500,2.000,2.500,2.500,4.000
West Ham,7.833,7.833,7.833,1.000,1.500,7.833,7.833,7.833,7.833,21.000
Wolves,16.0,16.0,16.0,16.0,16.0,16.0,16.0,16.000,16.0,16.0
Burnley,2.5,2.5,2.5,2.5,2.5,2.5,2.500,2.5,2.5,2.5
Everton,8.5,8.5,14.000,8.5,8.5,3.000,8.5,8.5,8.5,8.5
Southampton,3.75,3.75,3.75,1.500,6.000,3.75,3.75,3.75,3.75,3.75
Hull,1.5,1.5,1.500,1.5,1.5,1.5,1.5,1.5,1.5,1.5
Swansea,7.0,7.000,7.0,7.0,7.0,7.0,7.0,7.0,7.0,7.0
Wigan,4.0,4.000,4.0,4.0,4.0,4.0,4.0,4.0,4.0,4.0
Newcastle,15.000,15.0,15.0,15.0,15.0,15.0,15.0,15.0,15.0,15.0
Malmö,4.562,1.000,6.000,6.000,4.562,1.000,7.000,8.000,2.500,5.000
LASK,9.0,9.0,9.0,9.0,9.0,9.0,2.000,12.000,7.000,15.000
Rubin,18.000,11.000,9.0,5.000,9.0,9.0,9.0,9.0,9.0,2.000
Molde,4.000,1.500,1.000,10.000,4.438,4.438,2.500,2.500,12.000,2.000
Astana,3.806,0.250,1.500,8.000,4.000,8.000,6.000,3.000,1.500,2.000
Rennes,8.25,8.25,8.25,8.25,8.25,8.25,11.000,3.000,5.000,14.000
Maribor,3.000,6.000,7.000,1.000,1.500,7.000,2.000,2.500,1.000,1.500
Sheriff,1.500,5.000,1.500,0.250,1.000,7.000,2.500,2.000,2.000,9.000
CFR Cluj,11.000,5.25,1.000,5.25,5.25,5.25,2.500,10.000,4.000,3.000
Union Berlin,5.0,5.0,5.0,5.0,5.0,5.0,5.0,5.0,5.0,5.000
Hoffenheim,7.667,7.667,7.667,7.667,7.667,4.000,7.000,7.667,12.000,7.667
Hertha,2.5,2.5,2.5,2.5,1.000,4.000,2.5,2.5,2.5,2.5
Köln,4.0,4.0,4.0,4.0,4.0,4.000,4.0,4.0,4.0,4.0
Freiburg,3.0,5.000,3.0,3.0,3.0,1.000,3.0,3.0,3.0,3.0
Mainz,4.0,4.0,1.000,4.0,7.000,4.0,4.0,4.0,4.0,4.0
Augsburg,7.0,7.0,7.0,7.000,7.0,7.0,7.0,7.0,7.0,7.0
Stuttgart,9.000,1.500,5.25,5.25,5.25,5.25,5.25,5.25,5.25,5.25
Hannover,10.000,10.0,10.0,10.0,10.0,10.0,10.0,10.0,10.0,10.0
Midtjylland,1.500,3.389,1.500,7.000,1.500,1.500,2.500,2.000,6.000,7.000
Torino,7.75,7.75,13.000,7.75,7.75,7.75,7.75,2.500,7.75,7.75
Sassuolo,4.0,4.0,4.0,4.0,4.000,4.0,4.0,4.0,4.0,4.0
Sampdoria,1.0,1.0,1.0,1.000,1.0,1.0,1.0,1.0,1.0,1.0
Udinese,3.000,1.500,2.25,2.25,2.25,2.25,2.25,2.25,2.25,2.25
Standard Liège,4.071,2.000,3.000,1.500,6.000,4.071,7.000,6.000,3.000,4.071
St-Étienne,5.7,1.500,5.000,9.000,9.000,5.7,5.7,4.000,5.7,5.7
İstanbul Başakşehir,4.583,4.583,4.583,1.000,1.500,6.000,2.000,11.000,6.000,4.583
Rijeka,2.833,4.000,5.000,0.500,1.000,5.000,2.000,2.500,3.000,2.500
Trabzonspor,1.500,10.000,7.000,1.000,4.167,4.167,4.167,3.000,4.167,2.500
Rosenborg,4.000,0.500,1.000,2.000,1.500,4.000,3.000,3.000,2.500,2.500
Bordeaux,12.000,2.000,4.8,4.000,4.8,1.000,5.000,4.8,4.8,4.8
Liberec,1.500,8.000,1.000,5.000,3.000,3.917,3.917,3.917,5.000,3.917
Nice,3.625,1.500,3.625,3.625,4.000,6.000,3.625,3.625,3.000,3.625
Reims,2.0,2.0,2.0,2.0,2.0,2.0,2.0,2.0,2.000,2.0
Strasbourg,2.5,2.5,2.5,2.5,2.5,2.5,2.5,2.500,2.5,2.5
Guingamp,9.0,9.0,9.000,9.0,9.0,9.0,9.0,9.0,9.0,9.0
Montpellier,6.000,6.0,6.0,6.0,6.0,6.0,6.0,6.0,6.0,6.0
Zorya Luhansk,2.875,2.875,1.500,1.500,2.000,4.000,2.500,2.500,4.000,5.000
H. Beer-Sheva,2.625,2.625,0.500,0.500,6.000,3.000,2.000,2.500,4.000,2.500
AEK,3.5,3.5,3.5,3.5,1.000,9.000,4.000,2.500,3.000,1.500
Apollon,2.333,3.000,2.000,1.000,1.000,3.000,5.000,2.500,2.000,1.500
Anji,11.000,10.000,10.5,10.5,10.5,10.5,10.5,10.5,10.5,10.5
Paços Ferreira,2.75,3.000,2.75,2.75,2.75,2.75,2.75,2.75,2.75,2.500
Santa Clara,2.5,2.5,2.5,2.5,2.5,2.5,2.5,2.5,2.5,2.500
Rio Ave,2.0,2.0,3.000,2.0,1.000,2.0,1.500,2.0,2.500,2.0
Vitória SC,3.25,4.000,3.25,1.000,3.25,4.000,3.25,4.000,3.25,3.25
Marítimo,5.000,3.25,3.25,3.25,3.25,1.500,3.25,3.25,3.25,3.25
Arouca,1.5,1.5,1.5,1.5,1.500,1.5,1.5,1.5,1.5,1.5
Belenenses,4.0,4.0,4.0,4.000,4.0,4.0,4.0,4.0,4.0,4.0
Estoril,3.5,3.000,4.000,3.5,3.5,3.5,3.5,3.5,3.5,3.5
Nacional,1.5,1.5,1.500,1.5,1.5,1.5,1.5,1.5,1.5,1.5
Académica,4.000,4.0,4.0,4.0,4.0,4.0,4.0,4.0,4.0,4.0
Austria Wien,3.9,8.000,3.9,3.9,4.000,4.000,3.9,2.000,3.9,1.500
Slovan Bratislava,0.500,1.000,2.000,1.000,0.500,0.500,2.000,3.000,1.500,6.000
Dynamo Moscow,1.500,6.333,16.000,6.333,6.333,6.333,6.333,6.333,1.500,6.333
Zürich,3.8,1.000,5.000,1.000,5.000,3.8,7.000,3.8,3.8,3.8
Fehérvár,4.000,0.250,2.028,1.500,1.000,1.500,5.000,1.500,2.500,1.000
Vitesse,1.000,1.000,3.0,1.000,3.0,4.000,2.000,3.0,3.0,9.000
HJK,1.500,1.000,4.000,1.500,1.000,0.500,2.000,2.000,1.944,4.000
Ferencváros,2.188,2.188,0.500,0.500,1.000,0.500,1.000,6.000,5.000,3.000
Sochi,2.0,2.0,2.0,2.0,2.0,2.0,2.0,2.0,2.0,2.000
Rostov,5.167,5.167,1.500,5.167,12.000,5.167,5.167,5.167,2.000,5.167
Arsenal Tula,1.5,1.5,1.5,1.5,1.5,1.5,1.5,1.500,1.5,1.5
Ufa,2.5,2.5,2.5,2.5,2.5,2.5,2.500,2.5,2.5,2.5
Kuban,5.0,5.000,5.0,5.0,5.0,5.0,5.0,5.0,5.0,5.0
Bodø/Glimt,8.5,8.5,8.5,8.5,8.5,8.5,8.5,8.5,2.000,15.000
Willem II,2.0,2.0,2.0,2.0,2.0,2.0,2.0,2.0,2.000,2.0
Utrecht,1.167,0.500,1.167,1.167,1.167,1.500,1.167,1.500,1.167,1.167
Heracles,1.0,1.0,1.0,1.0,1.000,1.0,1.0,1.0,1.0,1.0
Groningen,1.25,1.25,0.500,2.000,1.25,1.25,1.25,1.25,1.25,1.25
Go Ahead Eagles,0.25,0.25,0.25,0.250,0.25,0.25,0.25,0.25,0.25,0.25
Twente,4.000,2.75,1.500,2.75,2.75,2.75,2.75,2.75,2.75,2.75
Zwolle,1.5,1.5,1.500,1.5,1.5,1.5,1.5,1.5,1.5,1.5
Heerenveen,1.500,1.5,1.5,1.5,1.5,1.5,1.5,1.5,1.5,1.5
Jablonec,2.5,1.500,2.5,1.500,2.5,2.5,4.000,1.500,1.500,5.000
Kolos Kovalivka,2.0,2.0,2.0,2.0,2.0,2.0,2.0,2.0,2.000,2.000
Vorskla,1.625,1.625,1.625,1.000,1.000,1.625,3.000,1.625,1.625,1.500
Desna,2.0,2.0,2.0,2.0,2.0,2.0,2.0,2.0,2.000,2.0
Olexandriya,1.833,1.833,1.833,1.833,1.000,1.500,1.833,3.000,1.833,1.833
Mariupol,2.0,2.0,2.0,2.0,2.0,2.0,2.000,2.000,2.0,2.0
Olimpik Donetsk,1.0,1.0,1.0,1.0,1.0,1.000,1.0,1.0,1.0,1.0
Metalist,10.000,0.000,2.000,4.0,4.0,4.0,4.0,4.0,4.0,4.0
Chornomorets Odesa,4.5,8.000,1.000,4.5,4.5,4.5,4.5,4.5,4.5,4.5
Metalurh Donetsk,1.000,1.000,1.0,1.0,1.0,1.0,1.0,1.0,1.0,1.0
Arsenal Kyiv,1.000,1.0,1.0,1.0,1.0,1.0,1.0,1.0,1.0,1.0
Antwerp,4.833,4.833,4.833,4.833,4.833,4.833,4.833,2.500,8.000,4.000
Charleroi,1.75,1.75,1.75,1.000,1.75,1.75,1.75,1.75,2.500,1.75
Zulte Waregem,3.667,5.000,1.000,3.667,3.667,5.000,3.667,3.667,3.667,3.667
Oostende,1.0,1.0,1.0,1.0,1.0,1.000,1.0,1.0,1.0,1.0
Lokeren,1.500,4.25,7.000,4.25,4.25,4.25,4.25,4.25,4.25,4.25
Hajduk Split,1.000,1.000,1.500,1.500,1.500,1.500,2.000,1.000,2.000,1.500
Dundalk,1.75,1.75,0.500,1.000,3.000,1.000,1.500,2.000,3.000,2.000
Astra,2.8,1.500,3.000,1.500,7.000,1.000,2.8,2.8,2.8,2.8
TNS,1.000,1.000,1.000,1.000,1.000,1.000,2.000,2.000,1.500,2.000
Sivasspor,3.25,3.25,3.25,3.25,3.25,3.25,3.25,3.25,4.000,2.500
Alanyaspor,2.0,2.0,2.0,2.0,2.0,2.0,2.0,2.0,2.000,2.0
Yeni Malatyaspor,2.0,2.0,2.0,2.0,2.0,2.0,2.0,2.000,2.0,2.0
Akhisar,3.0,3.0,3.0,3.0,3.0,3.0,3.000,3.0,3.0,3.0
Konyaspor,3.5,3.5,3.5,3.5,2.000,5.000,3.5,3.5,3.5,3.5
Osmanlıspor,8.0,8.0,8.0,8.0,8.000,8.0,8.0,8.0,8.0,8.0
Karabükspor,1.5,1.5,1.500,1.5,1.5,1.5,1.5,1.5,1.5,1.5
Bursaspor,1.500,1.000,0.500,1.0,1.0,1.0,1.0,1.0,1.0,1.0
Eskişehirspor,1.000,1.0,1.0,1.0,1.0,1.0,1.0,1.0,1.0,1.0
Neftçi,3.000,1.000,1.500,0.250,0.500,1.472,1.000,2.000,1.500,2.500
Aberdeen,1.5,1.5,1.000,1.000,1.000,1.000,1.500,2.000,2.000,2.500
Žalgiris,0.500,1.500,1.000,1.000,1.000,1.000,2.000,1.000,1.500,2.500
Spartak Trnava,1.000,1.857,1.500,1.000,1.000,1.857,5.000,1.500,1.857,2.000
Lech,1.000,1.000,1.000,4.000,1.857,1.000,2.000,1.857,3.000,1.857
Sturm,1.5,0.500,1.5,1.000,1.5,1.000,2.000,1.500,1.5,3.000
Wolfsberg,4.0,4.0,4.0,1.000,4.0,4.0,4.0,4.000,7.000,4.0
Hartberg,1.5,1.5,1.5,1.5,1.5,1.5,1.5,1.5,1.500,1.5
Admira,1.000,1.167,1.167,1.167,1.000,1.167,1.500,1.167,1.167,1.167
Altach,1.5,1.5,1.5,1.500,1.5,1.500,1.5,1.5,1.5,1.5
Grödig,1.0,1.0,1.000,1.0,1.0,1.0,1.0,1.0,1.0,1.0
St Pölten,1.0,1.0,1.000,1.0,1.0,1.0,1.0,1.0,1.0,1.0
Pasching,1.5,1.500,1.5,1.5,1.5,1.5,1.5,1.5,1.5,1.5
Ried,1.000,1.0,1.0,1.0,1.0,1.0,1.0,1.0,1.0,1.0
Brøndby,1.786,1.786,1.000,1.500,1.500,1.000,2.500,2.000,1.786,3.000
Diddeleng,1.500,0.250,1.000,0.250,1.000,1.000,3.000,3.000,1.389,1.500
Luzern,1.500,1.357,0.500,1.357,1.000,0.500,2.000,2.000,1.357,2.000
Servette,1.000,1.333,1.333,1.333,1.333,1.333,1.333,1.333,1.500,1.500
St. Gallen,2.5,4.000,2.5,2.5,2.5,2.5,1.500,2.5,2.000,2.5
Lugano,4.5,4.5,4.5,4.5,4.5,6.000,4.5,3.000,4.5,4.5
Thun,1.833,2.000,1.833,1.500,1.833,1.833,1.833,2.000,1.833,1.833
Sion,4.5,4.5,4.5,8.000,4.5,1.000,4.5,4.5,4.5,4.5
Grasshoppers,1.5,1.500,1.500,1.5,1.500,1.5,1.5,1.5,1.5,1.5
Slovácko,1.5,1.5,1.5,1.5,1.5,1.5,1.5,1.5,1.5,1.500
Mladá Boleslav,1.000,1.083,1.000,0.500,1.000,1.000,1.083,2.000,1.083,1.083
Sigma,2.5,2.5,2.5,2.5,2.5,2.5,2.500,2.5,2.5,2.5
Zlín,2.0,2.0,2.0,2.0,2.0,2.000,2.0,2.0,2.0,2.0
Dinamo Minsk,1.5,1.000,3.000,2.000,1.000,1.000,2.000,1.000,1.000,1.5
Flora,1.000,0.250,1.306,0.250,0.500,0.250,1.500,1.500,2.500,4.000
Dinamo Tbilisi,1.344,1.500,1.000,0.250,1.500,1.344,1.000,2.000,2.000,1.500
Omonoia,1.000,0.500,1.500,1.000,0.500,1.643,1.643,1.643,3.000,4.000
M. Haifa,2.3,4.000,2.3,2.3,0.500,2.3,2.3,1.500,2.500,3.000
Esbjerg,3.833,9.000,1.000,3.833,3.833,3.833,3.833,1.500,3.833,3.833
Asteras,1.000,1.000,5.000,3.000,2.3,2.3,1.500,2.3,2.3,2.3
Shkëndija,0.250,1.25,0.250,0.250,1.500,1.500,2.500,1.500,2.000,1.500
Sarajevo,1.000,0.500,1.500,1.000,1.25,0.250,1.500,2.000,2.500,1.000
Aris,1.667,1.667,1.667,1.667,1.667,1.667,1.667,2.000,1.500,1.500
OFI,1.5,1.5,1.5,1.5,1.5,1.5,1.5,1.5,1.500,1.5
Atromitos,1.500,1.500,1.000,1.500,1.5,1.5,1.500,2.000,1.5,1.5
Panathinaikos,4.000,2.2,2.000,1.500,2.000,1.500,2.2,2.2,2.2,2.2
Panionios,1.0,1.0,1.0,1.0,1.0,1.000,1.0,1.0,1.0,1.0
Giannina,1.0,1.0,1.0,1.0,1.000,1.0,1.0,1.0,1.0,1.0
Xanthi,1.0,1.000,1.0,1.0,1.0,1.0,1.0,1.0,1.0,1.0
St Johnstone,0.500,1.000,1.000,0.250,0.917,0.250,0.917,0.917,0.917,2.500
Hibernian,1.25,0.500,1.25,1.25,0.500,1.25,2.000,1.25,1.25,2.000
Motherwell,1.500,1.000,0.500,1.25,1.25,1.25,1.25,1.25,2.000,1.25
Kilmarnock,1.0,1.0,1.0,1.0,1.0,1.0,1.0,1.000,1.0,1.0
Hearts,1.500,1.0,1.0,1.0,0.500,1.0,1.0,1.0,1.0,1.0
Inverness,0.5,0.5,0.5,0.500,0.5,0.5,0.5,0.5,0.5,0.5
Dundee United,1.000,1.0,1.0,1.0,1.0,1.0,1.0,1.0,1.0,1.0
Sūduva,0.500,0.250,1.375,1.375,0.250,1.500,2.500,2.500,2.000,1.500
AIK,3.000,1.571,1.000,1.000,1.000,1.000,1.500,2.500,1.571,1.571
CSKA-Sofia,2.625,2.625,2.625,2.625,2.625,2.625,2.000,2.000,4.000,2.500
Kairat,1.312,1.312,0.500,1.500,0.500,0.500,2.000,1.500,1.500,2.500
Osijek,0.500,1.417,1.417,1.417,1.417,1.500,1.500,1.500,1.500,2.000
Lokomotiva Zagreb,1.125,0.500,1.125,0.500,1.500,1.125,1.125,1.125,2.000,1.125
Split,1.5,1.5,1.500,1.5,1.5,1.5,1.5,1.5,1.5,1.5
Slaven Koprivnica,1.000,1.0,1.0,1.0,1.0,1.0,1.0,1.0,1.0,1.0
Vojvodina,1.000,1.500,0.500,1.500,1.500,0.250,1.281,1.281,2.000,2.000
Randers,2.833,1.000,2.833,0.500,2.833,2.833,2.833,2.833,2.833,7.000
AGF,0.500,1.167,1.167,1.167,1.167,1.167,1.167,1.167,1.500,1.500
SønderjyskE,1.75,1.75,1.75,1.75,1.500,1.75,1.75,1.75,2.000,1.75
Nordsjælland,5.000,1.500,2.833,2.833,2.833,2.833,2.000,2.833,2.833,2.833
Lyngby,1.0,1.0,1.0,1.0,1.0,1.000,1.0,1.0,1.0,1.0
AaB,3.25,0.500,6.000,3.25,3.25,3.25,3.25,3.25,3.25,3.25
Horsens,1.500,1.5,1.5,1.5,1.5,1.5,1.5,1.5,1.5,1.5
Fola,1.111,1.000,0.250,1.000,0.250,1.000,1.500,1.000,1.500,2.500
FH,0.500,1.500,1.000,0.500,1.000,1.500,1.500,1.111,1.000,1.500
AEK Larnaca,2.0,2.0,2.0,1.000,1.500,1.500,4.000,2.000,2.0,2.0
Östersund,10.0,10.0,10.0,10.0,10.0,10.000,10.0,10.0,10.0,10.0
Lincoln Red Imps,1.219,1.219,0.500,1.000,1.000,0.250,1.500,1.500,1.500,2.500
Linfield,1.000,0.500,0.500,0.500,0.250,1.000,1.083,2.500,1.500,2.000
Olimpija Ljubljana,0.500,0.500,1.219,1.219,1.000,0.250,2.500,1.500,1.500,2.000
Čukarički,1.0,1.0,0.500,0.500,0.500,1.0,1.0,1.500,1.0,2.000
Shakhtyor,0.500,0.500,1.500,0.500,0.500,0.250,1.500,2.000,1.000,1.500
Zrinjski,1.219,0.500,1.000,0.250,1.000,1.000,2.000,2.000,2.000,1.219
Ventspils,1.000,1.000,1.000,1.000,0.500,0.250,1.500,2.000,1.500,1.083
Backa Topola,1.5,1.5,1.5,1.5,1.5,1.5,1.5,1.5,1.500,1.5
Radnicki Niš,1.25,1.25,1.25,1.25,1.25,1.25,1.500,1.000,1.25,1.25
Spartak Subotica,2.0,2.0,2.0,2.0,2.0,2.0,2.000,2.0,2.0,2.0
Mladost Lučani,0.25,0.25,0.25,0.25,0.25,0.250,0.25,0.25,0.25,0.25
Jagodina,0.250,0.500,0.500,0.417,0.417,0.417,0.417,0.417,0.417,0.417
Anorthosis,1.000,0.500,1.9,1.9,1.9,1.9,1.000,1.9,2.000,5.000
Alashkert,1.357,1.357,1.357,0.500,1.000,1.000,2.000,1.500,1.000,2.500
Skënderbeu,1.000,1.500,1.000,2.000,1.9,4.000,1.9,1.9,1.9,1.9
Budućnost Podgorica,1.000,1.028,0.500,0.250,0.500,1.000,1.000,1.500,2.000,1.500
Vålerenga,1.5,1.5,1.5,1.5,1.5,1.5,1.5,1.5,1.5,1.500
Viking,1.5,1.5,1.5,1.5,1.5,1.5,1.5,1.5,1.500,1.5
Haugesund,1.0,1.0,0.500,1.0,1.0,0.500,1.0,2.000,1.0,1.0
Brann,0.75,0.75,0.75,0.75,0.75,0.500,0.75,1.000,0.75,0.75
Sarpsborg,4.0,4.0,4.0,4.0,4.0,4.0,4.000,4.0,4.0,4.0
Lillestrøm,1.5,1.5,1.5,1.5,1.5,1.5,1.500,1.5,1.5,1.5
Odd,1.0,1.0,1.0,1.500,0.500,1.000,1.0,1.0,1.0,1.0
Strømsgodset,0.875,1.000,1.000,1.000,0.500,0.875,0.875,0.875,0.875,0.875
Stabæk,0.250,0.25,0.25,0.25,0.250,0.25,0.25,0.25,0.25,0.25
Tromsø,1.500,2.000,0.500,1.333,1.333,1.333,1.333,1.333,1.333,1.333
Hødd,0.5,0.500,0.5,0.5,0.5,0.5,0.5,0.5,0.5,0.5
Aalesund,1.000,1.0,1.0,1.0,1.0,1.0,1.0,1.0,1.0,1.0
Elfsborg,1.000,3.000,1.500,1.000,1.8,1.8,1.8,1.8,1.8,2.500
AEL,3.000,1.8,1.500,1.8,1.8,1.000,1.8,1.500,1.8,2.000
Ermis,1.0,1.0,1.000,1.0,1.0,1.0,1.0,1.0,1.0,1.0
Shamrock Rovers,1.000,1.094,1.094,0.500,0.250,0.500,1.000,1.500,1.500,2.500
Vaduz,0.972,0.250,0.500,1.000,0.500,0.500,1.500,2.000,1.000,1.500
Ashdod,1.5,1.5,1.5,1.5,1.5,1.5,1.5,1.5,1.5,1.500
Kukës,1.094,1.500,0.250,1.000,0.500,1.000,2.000,1.000,1.500,1.094
Valletta,1.000,0.500,1.000,0.250,1.000,0.500,1.500,2.000,1.000,0.972
Beitar Jerusalem,0.9,0.9,0.9,0.500,1.500,0.500,1.000,0.9,1.000,0.9
Bnei Yehuda,1.000,1.5,1.5,1.5,1.5,1.000,1.5,2.500,1.5,1.5
H. Haifa,2.0,2.0,2.0,2.0,2.0,2.0,2.000,2.0,2.0,2.0
H. Kiryat Shmona,2.000,1.333,1.000,1.000,1.333,1.333,1.333,1.333,1.333,1.333
H. Tel-Aviv,3.000,1.000,0.500,1.5,1.5,1.5,1.5,1.5,1.5,1.5
H. Ramat Gan,1.0,1.000,1.0,1.0,1.0,1.0,1.0,1.0,1.0,1.0
M. Netanya,0.500,0.5,0.5,0.5,0.5,0.5,0.5,0.5,0.5,0.5
Hammarby,2.0,2.0,2.0,2.0,2.0,2.0,2.0,2.0,1.500,2.500
Häcken,1.2,1.000,1.2,1.2,0.500,1.2,1.500,1.500,1.2,1.500
Djurgården,1.75,1.75,1.75,1.75,1.75,1.75,1.500,1.75,2.000,1.75
Göteborg,1.1,0.500,1.000,1.000,1.500,1.1,1.1,1.1,1.500,1.1
Norrköping,1.167,1.167,1.167,1.167,1.000,0.500,1.167,2.000,1.167,1.167
Brommapojkarna,1.0,1.0,1.000,1.0,1.0,1.0,1.0,1.0,1.0,1.0
Gefle,1.0,1.000,1.0,1.0,1.0,1.0,1.0,1.0,1.0,1.0
Helsingborg,3.000,3.0,3.0,3.0,3.0,3.0,3.0,3.0,3.0,3.0
Kalmar,1.000,1.0,1.0,1.0,1.0,1.0,1.0,1.0,1.0,1.0
KuPS,1.000,1.7,1.7,1.7,1.7,1.7,1.000,1.500,2.500,2.500
Sutjeska,1.062,1.000,1.000,0.250,1.062,0.250,1.500,2.000,1.000,1.500
Universitatea Craiova,1.5,1.5,1.5,1.5,1.5,1.000,2.000,2.000,1.000,1.500
Sepsi Sfantu Gheorghe,1.5,1.5,1.5,1.5,1.5,1.5,1.5,1.5,1.5,1.500
Botoşani,1.0,1.0,1.0,0.500,1.0,1.0,1.0,1.0,1.500,1.0
Viitorul,1.375,1.375,1.375,1.375,1.000,1.500,1.500,1.500,1.375,1.375
Dinamo Bucureşti,1.500,1.25,1.25,1.25,1.25,1.000,1.25,1.25,1.25,1.25
Pandurii,1.5,2.000,1.5,1.5,1.000,1.5,1.5,1.5,1.5,1.5
CSMS laşi,0.5,0.5,0.5,0.5,0.500,0.5,0.5,0.5,0.5,0.5
Târgu Mureş,1.0,1.0,1.0,1.000,1.0,1.0,1.0,1.0,1.0,1.0
Petrolul,1.5,1.500,1.500,1.5,1.5,1.5,1.5,1.5,1.5,1.5
Vaslui,1.500,1.5,1.5,1.5,1.5,1.5,1.5,1.5,1.5,1.5
Rapid Bucureşti,1.000,1.0,1.0,1.0,1.0,1.0,1.0,1.0,1.0,1.0
Kalju,0.250,1.500,0.500,0.500,1.000,0.500,1.000,2.000,1.000,0.917
Riga,2.0,2.0,2.0,2.0,2.0,2.0,1.000,2.500,2.000,2.500
Žilina,1.000,1.000,1.333,1.500,1.333,1.000,1.333,1.333,1.000,2.500
Domžale,1.143,0.250,1.143,0.250,1.000,1.500,1.500,1.500,1.143,2.000
FC Santa Coloma,0.250,0.250,1.000,0.500,0.500,0.500,1.500,1.500,0.500,1.500
Levadia,0.500,0.500,1.000,0.500,0.500,0.250,1.000,1.000,1.000,1.500
Gabala,1.292,1.292,0.250,2.000,2.000,1.000,1.000,1.500,1.292,1.292
Hibernians,0.250,0.250,0.250,1.000,0.250,1.000,0.833,1.000,1.500,2.000
Trenčín,1.25,1.000,1.000,1.000,1.500,0.500,2.500,1.25,1.25,1.25
Raków,2.5,2.5,2.5,2.5,2.5,2.5,2.5,2.5,2.5,2.500
Śląsk,1.500,1.500,1.375,0.500,1.375,1.375,1.375,1.375,1.375,2.000
Pogoń,1.5,1.5,1.5,1.5,1.5,1.5,1.5,1.5,1.5,1.500
Piast,1.125,0.500,1.125,1.125,0.500,1.125,1.125,1.500,2.000,1.125
Cracovia,0.75,0.75,0.75,0.75,0.250,0.75,0.75,1.000,1.000,0.75
Lechia,1.5,1.5,1.5,1.5,1.5,1.5,1.5,1.500,1.5,1.5
Jagiellonia,1.0,1.0,1.0,0.500,1.0,0.500,2.000,1.0,1.0,1.0
Górnik Zabrze,1.5,1.5,1.5,1.5,1.5,1.5,1.500,1.5,1.5,1.5
Arka,1.0,1.0,1.0,1.0,1.0,1.000,1.0,1.0,1.0,1.0
Zagłębie,1.0,1.0,1.0,1.0,1.000,1.0,1.0,1.0,1.0,1.0
Ruch,1.000,1.25,1.500,1.25,1.25,1.25,1.25,1.25,1.25,1.25
Zawisza,0.5,0.5,0.500,0.5,0.5,0.5,0.5,0.5,0.5,0.5
Lokomotiv Plovdiv,0.500,1.5,1.5,1.5,1.5,1.5,1.5,2.000,1.500,2.000
Arda,1.5,1.5,1.5,1.5,1.5,1.5,1.5,1.5,1.5,1.500
Slavia Sofia,0.917,0.917,0.917,0.917,0.250,0.917,1.500,0.917,1.000,0.917
Levski,0.500,0.250,0.708,0.708,0.500,0.500,1.000,1.500,0.708,0.708
Botev Plovdiv,0.833,1.000,0.500,0.833,0.833,1.000,0.833,0.833,0.833,0.833
Dunav,0.25,0.25,0.25,0.25,0.25,0.250,0.25,0.25,0.25,0.25
Beroe,0.5,0.500,0.5,0.500,0.500,0.5,0.5,0.5,0.5,0.5
Cherno More,0.5,0.5,0.5,0.500,0.5,0.5,0.5,0.5,0.5,0.5
Litex,0.375,0.375,0.500,0.250,0.375,0.375,0.375,0.375,0.375,0.375
CSKA Sofia,0.500,0.5,0.500,0.5,0.5,0.5,0.5,0.5,0.5,0.5
Laç,1.0,0.250,0.500,0.250,1.0,1.0,1.500,1.000,1.500,2.000
Vardar,1.000,1.000,1.167,1.000,1.000,2.000,1.000,1.167,1.167,1.167
Keşla,0.500,0.500,0.500,1.000,0.812,0.500,1.000,0.812,1.000,1.500
Sumqayıt,1.25,1.25,1.25,1.25,1.25,1.25,1.25,1.25,1.000,1.500
Sabail,1.0,1.0,1.0,1.0,1.0,1.0,1.0,1.000,1.0,1.0
PFC Zire,0.5,0.5,0.5,0.5,0.5,0.500,0.5,0.5,0.5,0.5
Käpäz,0.5,0.5,0.5,0.5,0.500,0.5,0.5,0.5,0.5,0.5
Xäzär Länkäran,0.500,0.500,0.5,0.5,0.5,0.5,0.5,0.5,0.5,0.5
Bakı,0.250,0.25,0.25,0.25,0.25,0.25,0.25,0.25,0.25,0.25
Milsami,0.500,1.000,0.964,1.500,0.964,0.250,1.000,1.000,0.964,1.500
Stjarnan,1.125,1.125,1.500,1.000,1.125,0.250,1.500,1.500,1.125,1.000
Shakhter,1.000,2.000,1.000,1.625,1.625,1.625,1.625,1.625,1.625,2.500
Dinamo Brest,1.625,1.625,1.625,1.625,1.625,0.500,2.000,1.625,2.500,1.500
Dunajská Streda,1.625,1.625,1.625,1.625,1.625,1.625,1.500,1.500,2.000,1.500
B36,0.500,0.812,0.250,0.500,0.500,0.250,1.500,1.000,2.000,0.812
Honvéd,0.500,0.500,1.083,1.083,1.083,1.000,1.500,1.500,1.500,1.083
KR Reykjavik,1.000,0.500,1.000,0.500,0.500,0.500,0.812,1.000,1.500,0.812
Željezničar,1.000,1.000,0.500,1.000,0.929,0.500,1.500,0.929,1.000,0.929
Pyunik,0.250,0.500,0.250,1.000,0.250,0.250,2.000,2.000,0.812,0.812
Debrecen,1.500,0.500,1.500,1.000,0.500,1.083,1.083,1.500,1.083,1.083
Torpedo Zhodino,0.917,0.917,0.917,0.250,1.000,0.917,0.917,0.917,0.917,1.500
Vitebsk,1.0,1.0,1.0,1.0,1.0,1.0,1.0,1.000,1.0,1.0
Neman,0.5,0.5,0.500,0.5,0.5,0.5,0.5,0.5,0.5,0.5
Minsk,1.5,1.500,1.5,1.5,1.5,1.5,1.5,1.5,1.5,1.5
Gomel,1.000,1.0,1.0,1.0,1.0,1.0,1.0,1.0,1.0,1.0
Naftan,0.500,0.5,0.5,0.5,0.5,0.5,0.5,0.5,0.5,0.5
Connah's Quay,1.042,1.042,1.042,1.042,0.500,0.250,1.000,1.500,1.500,1.500
KÍ,1.25,1.25,1.25,1.25,1.25,0.250,1.000,1.500,2.500,1.000
Crusaders,0.250,0.250,0.500,1.000,1.000,0.250,1.500,1.500,0.781,0.781
Tobol,1.5,1.5,1.5,1.5,1.5,1.5,1.500,1.000,1.5,2.000
Kaysar,1.5,1.5,1.5,1.5,1.5,1.5,1.5,1.5,1.500,1.5
Ordabasy,0.500,0.625,0.625,0.250,0.250,0.250,0.625,1.500,1.000,0.625
Irtysh,0.667,0.500,0.667,0.667,0.667,0.500,1.000,0.667,0.667,0.667
Aktobe,1.000,1.500,1.500,0.250,0.250,0.9,0.9,0.9,0.9,0.9
Zhetysu,0.250,0.25,0.25,0.25,0.25,0.25,0.25,0.25,0.25,0.25
Partizani,1.0,1.0,1.0,0.250,1.500,0.250,1.000,1.500,1.0,1.500
HB,0.821,0.250,1.000,0.250,0.250,0.821,0.821,1.500,0.500,2.000
Valur,1.15,1.15,1.15,1.15,0.250,0.500,2.000,1.500,1.15,1.500
Široki Brijeg,0.500,1.000,0.500,0.719,0.250,0.500,1.000,1.000,0.719,1.000
Progrès,1.15,1.15,1.15,0.250,1.15,0.500,2.000,1.500,1.500,1.15
Riteriai,0.958,0.958,0.958,0.500,0.250,1.000,1.500,1.000,1.500,0.958
NŠ Mura,1.833,1.833,1.833,1.833,1.833,1.833,1.833,1.000,2.000,2.500
Celje,0.250,0.250,0.688,0.250,0.688,0.688,0.688,0.688,2.000,0.688
Rudar Velenje,0.875,0.875,0.250,0.875,0.875,0.875,1.500,0.875,0.875,0.875
Gorica,0.417,0.417,0.500,0.417,0.250,0.500,0.417,0.417,0.417,0.417
Koper,0.5,0.5,0.500,0.500,0.5,0.5,0.5,0.5,0.5,0.5
ND Mura 05,1.500,1.5,1.5,1.5,1.5,1.5,1.5,1.5,1.5,1.5
Liepāja,1.1,1.1,1.1,1.1,1.000,0.500,1.000,1.500,1.1,1.500
Europa,0.688,0.688,0.250,0.250,0.500,0.500,0.500,1.000,1.500,1.000
La Fiorita,0.250,0.250,0.500,0.250,0.250,0.500,1.500,0.500,0.500,1.000
Ružomberok,1.0,1.0,1.0,1.0,1.0,1.000,1.0,1.000,1.000,1.0
Spartak Myjava,0.25,0.25,0.25,0.25,0.250,0.25,0.25,0.25,0.25,0.25
Košice,0.5,0.5,0.500,0.5,0.5,0.5,0.5,0.5,0.5,0.5
Senica,0.500,0.500,0.5,0.5,0.5,0.5,0.5,0.5,0.5,0.5
Teuta,0.250,0.250,0.875,0.875,0.250,0.875,0.875,1.000,1.500,2.000
Breidablik,1.05,1.000,1.05,1.05,0.250,1.05,1.05,1.000,1.000,2.000
Dila,1.500,1.500,1.05,1.000,0.250,1.05,1.05,1.05,1.05,1.000
Újpest,1.75,1.75,1.75,1.75,1.75,1.75,1.500,1.75,1.75,2.000
Puskás Akadémia,1.25,1.25,1.25,1.25,1.25,1.25,1.25,1.25,1.000,1.500
Vasas,0.25,0.25,0.25,0.25,0.25,0.250,0.25,0.25,0.25,0.25
MTK,0.250,0.333,0.333,0.250,0.500,0.333,0.333,0.333,0.333,0.333
Diósgyőr,1.0,1.0,1.000,1.0,1.0,1.0,1.0,1.0,1.0,1.0
Győr,0.75,1.000,0.500,0.75,0.75,0.75,0.75,0.75,0.75,0.75
Drita,1.667,1.667,1.667,1.667,1.667,1.667,1.500,1.667,2.000,1.500
Birkirkara,0.250,1.000,0.250,0.500,1.000,0.714,0.500,0.714,0.714,1.500
Ararat-Armenia,2.5,2.5,2.5,2.5,2.5,2.5,2.5,2.500,2.500,2.5
Chikhura,0.833,0.500,1.000,0.833,0.250,0.250,1.500,1.500,0.833,0.833
Titograd,0.833,1.000,0.833,0.500,1.000,0.500,1.000,1.000,0.833,0.833
Tre Penne,0.500,0.500,0.679,0.679,0.500,0.250,0.679,1.500,0.500,1.000
Cork,0.95,0.95,0.95,0.250,1.000,0.500,2.000,1.000,0.95,0.95
Cliftonville,0.250,1.000,1.000,0.792,0.500,0.792,1.000,1.000,0.792,0.792
Vikingur,0.250,0.500,1.000,0.250,0.250,1.000,1.500,0.679,0.679,0.679
Shkupi,1.125,1.125,1.125,1.125,1.125,1.125,1.000,1.000,1.000,1.500
Petrocub,1.125,1.125,1.125,1.125,1.125,1.125,1.000,1.000,1.000,1.500
NSÍ,0.250,0.562,0.562,0.250,0.250,0.250,1.000,0.500,1.000,1.000
Prishtina,0.85,0.85,0.85,0.85,0.85,0.250,1.000,0.500,0.500,2.000
Torpedo Kutaisi,0.250,0.250,0.85,0.85,0.85,0.250,2.500,1.000,0.85,0.85
Rabotnicki,0.85,0.85,1.000,1.500,0.250,0.500,1.000,0.85,0.85,0.85
FCSG,1.25,1.25,1.25,1.25,1.25,1.25,1.25,1.25,1.500,1.000
Dinamo-Auto,1.0,1.0,1.0,1.0,1.0,1.0,1.0,1.0,1.000,1.0
Speranța Nisporeni,1.0,1.0,1.0,1.0,1.0,1.0,1.0,1.000,1.0,1.0
Zaria Balti,0.583,0.583,0.583,0.583,0.250,0.500,1.000,0.583,0.583,0.583
Dacia,0.500,0.500,0.4,0.500,0.250,0.250,0.4,0.4,0.4,0.4
Zimbru,0.500,0.833,1.500,0.833,0.500,0.833,0.833,0.833,0.833,0.833
Saxan,0.25,0.25,0.25,0.250,0.25,0.25,0.25,0.25,0.25,0.25
Tiraspol,0.25,0.250,0.250,0.25,0.25,0.25,0.25,0.25,0.25,0.25
Veris,0.25,0.25,0.250,0.25,0.25,0.25,0.25,0.25,0.25,0.25
RFS,1.333,1.333,1.333,1.333,1.333,1.333,1.333,1.000,1.000,2.000
Gżira,1.333,1.333,1.333,1.333,1.333,1.333,1.000,1.500,1.333,1.500
Bala,0.571,0.250,0.571,0.250,0.250,0.250,0.500,0.571,1.500,1.000
Shirak,0.500,1.000,0.250,0.500,0.500,0.250,0.571,0.571,1.000,0.571
St Patrick's,1.000,0.250,1.000,0.250,0.500,0.667,0.667,1.000,0.667,0.667
Coleraine,0.938,0.938,0.938,0.938,0.938,0.250,1.000,0.938,1.500,1.000
Inter Turku,0.500,0.250,0.75,0.75,0.75,0.75,0.75,1.000,1.000,1.000
Urartu,0.75,0.75,0.500,0.75,0.250,0.75,1.000,1.000,0.75,1.000
Zeta,1.500,0.938,0.938,0.938,0.938,0.250,0.938,1.000,1.000,0.938
Differdange,0.500,1.000,0.250,0.500,0.250,0.250,0.536,0.536,1.000,0.536
Spartaks Jūrmala,0.938,0.938,0.938,0.500,0.250,1.000,2.000,0.938,0.938,0.938
Dinamo Batumi,0.875,0.875,0.875,0.250,0.875,0.250,0.875,0.875,1.000,2.000
Kauno Žalgiris,1.167,1.167,1.167,1.167,1.167,1.167,1.167,1.000,1.000,1.500
Eschen/Mauren,0.250,0.25,0.25,0.25,0.25,0.25,0.25,0.25,0.25,0.25
Honka,0.812,0.500,0.250,0.812,0.812,0.812,0.812,0.812,1.000,1.500
Ilves,1.0,1.0,1.0,1.0,1.0,1.0,1.000,1.0,1.000,1.0
RoPS,0.667,0.667,0.500,0.667,0.500,0.667,0.667,1.000,0.667,0.667
Lahti,0.625,0.625,0.625,0.250,0.625,0.625,1.000,0.625,0.625,0.625
Mariehamn,0.5,0.250,0.5,0.5,0.250,1.000,0.5,0.5,0.5,0.5
VPS,0.333,0.333,0.250,0.250,0.333,0.500,0.333,0.333,0.333,0.333
SJK,0.5,0.5,0.5,0.250,1.000,0.250,0.5,0.5,0.5,0.5
MYPA,0.500,0.5,0.500,0.5,0.5,0.5,0.5,0.5,0.5,0.5
TPS,0.25,0.250,0.25,0.25,0.25,0.25,0.25,0.25,0.25,0.25
JJK,0.500,0.5,0.5,0.5,0.5,0.5,0.5,0.5,0.5,0.5
Bohemians,0.250,1.083,1.083,1.083,1.083,1.083,1.083,1.083,1.000,2.000
Borac,0.250,1.083,1.083,1.083,1.083,1.083,1.083,1.083,1.500,1.500
Folgore,0.542,0.542,0.250,0.500,0.250,0.250,0.500,0.542,0.542,1.500
St Joseph's,0.65,0.65,0.65,0.65,0.65,0.250,0.500,1.000,0.500,1.000
Tirana,0.500,1.083,1.083,1.083,1.083,0.250,1.083,1.083,2.500,1.083
Derry,0.65,0.500,0.500,0.65,0.65,0.250,1.000,0.65,1.000,0.65
Balzan,0.65,0.65,0.65,0.250,0.250,0.250,1.500,1.000,0.65,0.65
Velež,2.0,2.0,2.0,2.0,2.0,2.0,2.0,2.0,2.0,2.000
Radnik Bijeljina,0.625,0.625,0.625,0.625,0.250,0.625,0.625,1.000,0.625,0.625
Sloboda,0.25,0.25,0.25,0.25,0.250,0.25,0.25,0.25,0.25,0.25
Olimpic Sarajevo,0.25,0.25,0.25,0.250,0.25,0.25,0.25,0.25,0.25,0.25
Inter Escaldes,1.5,1.5,1.5,1.5,1.5,1.5,1.5,1.5,1.500,1.500
Sligo,0.500,1.000,0.500,0.75,0.75,0.75,0.75,0.75,0.75,1.000
Tre Fiori,1.0,1.0,1.0,1.0,1.0,1.0,1.000,0.500,1.500,1.0
Saburtalo,1.5,1.5,1.5,1.5,1.5,1.5,1.5,2.000,1.000,1.5
Rudar Pljevlja,0.250,0.500,0.6,1.000,0.250,0.6,1.000,0.6,0.6,0.6
Valmiera,1.0,1.0,1.0,1.0,1.0,1.0,1.0,1.0,1.000,1.000
Jelgava,0.5,0.5,0.250,0.500,1.000,0.250,0.5,0.5,0.5,0.5
Skonto,0.500,0.500,0.5,0.500,0.5,0.5,0.5,0.5,0.5,0.5
Daugava Daugavpils,0.250,1.000,0.250,0.5,0.5,0.5,0.5,0.5,0.5,0.5
Daugava Rīga,0.25,0.25,0.250,0.25,0.25,0.25,0.25,0.25,0.25,0.25
Liepājas Metalurgs,0.500,0.250,0.375,0.375,0.375,0.375,0.375,0.375,0.375,0.375
UCD,0.5,0.5,0.5,0.500,0.5,0.5,0.5,0.5,0.5,0.5
Drogheda,0.25,0.250,0.25,0.25,0.25,0.25,0.25,0.25,0.25,0.25
Vllaznia,1.5,1.5,1.5,1.5,1.5,1.5,1.5,1.5,1.5,1.500
Luftëtari,1.0,1.0,1.0,1.0,1.0,1.0,1.000,1.0,1.0,1.0
Flamurtari,0.250,0.375,0.500,0.375,0.375,0.375,0.375,0.375,0.375,0.375
Panevezys,1.5,1.5,1.5,1.5,1.5,1.5,1.5,1.5,1.5,1.500
Stumbras,1.0,1.0,1.0,1.0,1.0,1.0,1.000,1.0,1.0,1.0
Atlantas,0.312,0.312,0.500,0.250,0.250,0.250,0.312,0.312,0.312,0.312
Kruoja,0.25,0.250,0.25,0.250,0.25,0.25,0.25,0.25,0.25,0.25
Ekranas,1.500,1.000,0.250,0.917,0.917,0.917,0.917,0.917,0.917,0.917
Banga,0.25,0.25,0.250,0.25,0.25,0.25,0.25,0.25,0.25,0.25
Šiauliai,0.250,0.25,0.25,0.25,0.25,0.25,0.25,0.25,0.25,0.25
Sileks,0.917,0.917,0.917,0.917,0.250,0.917,0.917,0.917,1.500,1.000
Sant Julià,0.458,0.458,0.250,0.250,0.458,0.250,0.500,0.500,0.458,1.000
Víkingur Reykjavík,0.625,0.625,0.625,0.250,0.625,0.625,0.625,0.625,1.000,0.625
Jeunesse Esch,0.250,0.500,0.250,0.55,0.250,0.55,0.55,1.500,0.55,0.55
ÍBV,0.250,0.500,0.583,0.583,0.583,0.583,1.000,0.583,0.583,0.583
Fram,0.25,0.25,0.250,0.25,0.25,0.25,0.25,0.25,0.25,0.25
Thór,0.500,0.5,0.5,0.5,0.5,0.5,0.5,0.5,0.5,0.5
Racing Union,1.0,1.0,1.0,1.0,1.0,1.0,1.000,1.0,1.0,1.000
Swift,1.0,1.0,1.0,1.0,1.0,1.0,1.0,1.0,1.0,1.000
Union Titus Petange,1.0,1.0,1.0,1.0,1.0,1.0,1.0,1.0,1.000,1.0
Grevenmacher,0.250,0.25,0.25,0.25,0.25,0.25,0.25,0.25,0.25,0.25
Gagra,1.0,1.0,1.0,1.0,1.0,1.0,1.0,1.0,1.0,1.000
Locomotive Tbilisi,2.0,2.0,2.0,2.0,2.0,2.0,2.0,2.0,2.000,2.0
Samtredia,0.75,0.75,0.75,0.75,0.250,1.000,1.000,0.75,0.75,0.75
Tskhinvali,0.25,0.25,0.25,0.250,0.25,0.25,0.25,0.25,0.25,0.25
Zestafoni,1.000,0.75,0.500,0.75,0.75,0.75,0.75,0.75,0.75,0.75
Sioni,0.25,0.25,0.250,0.25,0.25,0.25,0.25,0.25,0.25,0.25
Metalurgi Rustavi,0.500,0.5,0.5,0.5,0.5,0.5,0.5,0.5,0.5,0.5
Ararat,1.5,1.5,1.5,1.5,1.5,1.5,1.5,1.5,1.5,1.500
Noah,1.0,1.0,1.0,1.0,1.0,1.0,1.0,1.0,1.000,1.000
Gandzasar,0.500,0.250,0.5,0.5,0.5,0.250,1.000,0.5,0.5,0.5
Ulisses,1.000,0.625,0.625,0.250,0.625,0.625,0.625,0.625,0.625,0.625
Mika,0.25,0.250,0.250,0.25,0.25,0.25,0.25,0.25,0.25,0.25
Struga,1.0,1.0,1.0,1.0,1.0,1.0,1.0,1.0,1.0,1.000
Renova,0.500,0.75,0.75,0.250,0.75,0.75,0.75,0.75,1.500,0.75
Makedonija,1.0,1.0,1.0,1.0,1.0,1.0,1.0,1.000,1.0,1.0
Akademija Pandev,1.0,1.0,1.0,1.0,1.0,1.0,1.0,1.000,1.0,1.0
Pelister,0.25,0.25,0.25,0.25,0.25,0.250,0.25,0.25,0.25,0.25
Metalurg Skopje,0.500,0.250,1.000,0.583,0.583,0.583,0.583,0.583,0.583,0.583
Turnovo,0.375,0.500,0.250,0.375,0.375,0.375,0.375,0.375,0.375,0.375
Teteks,0.25,0.250,0.25,0.25,0.25,0.25,0.25,0.25,0.25,0.25
Larne,2.0,2.0,2.0,2.0,2.0,2.0,2.0,2.0,2.0,2.000
Glentoran,0.625,0.250,0.625,0.250,0.625,0.625,0.625,0.625,1.000,1.000
Ballymena,0.625,0.625,0.625,0.625,0.625,0.250,0.625,1.000,0.625,0.625
Glenavon,0.438,0.438,0.250,0.250,0.250,0.438,1.000,0.438,0.438,0.438
Portadown,0.500,0.5,0.5,0.5,0.5,0.5,0.5,0.5,0.5,0.5
Floriana,0.250,0.833,0.833,0.833,0.833,0.250,0.833,0.833,2.000,0.833
Engordany,0.833,0.833,0.833,0.833,0.833,0.833,1.000,1.000,0.500,0.833
Trans,0.250,0.250,0.625,0.625,0.625,0.625,1.000,1.000,0.625,0.625
Paide,1.0,1.0,1.0,1.0,1.0,1.0,1.0,1.0,1.000,1.000
FCI,0.375,0.375,0.375,0.375,0.250,0.500,0.375,0.375,0.375,0.375
Sillamäe,0.375,0.375,0.500,0.250,0.375,0.375,0.375,0.375,0.375,0.375
Santos Tartu,0.25,0.25,0.250,0.25,0.25,0.25,0.25,0.25,0.25,0.25
Mosta,1.0,1.0,1.0,1.0,1.0,1.0,1.0,1.0,1.0,1.000
Sirens,1.0,1.0,1.0,1.0,1.0,1.0,1.0,1.0,1.000,1.0
Sliema,0.25,0.250,0.250,0.25,0.25,0.25,0.25,0.25,0.25,0.25
ÍF,0.25,0.250,0.250,0.25,0.25,0.25,0.25,0.25,0.25,0.25
EB/Streymur,0.250,1.000,0.625,0.625,0.625,0.625,0.625,0.625,0.625,0.625
Dečić,1.0,1.0,1.0,1.0,1.0,1.0,1.0,1.0,1.0,1.000
FK Podgorica,1.0,1.0,1.0,1.0,1.0,1.0,1.0,1.0,1.0,1.000
Iskra,1.0,1.0,1.0,1.0,1.0,1.0,1.0,1.0,1.000,1.0
Bokelj,0.25,0.25,0.25,0.25,0.250,0.25,0.25,0.25,0.25,0.25
Čelik Nikšić,0.500,0.250,0.250,0.333,0.333,0.333,0.333,0.333,0.333,0.333
Lovćen,0.25,0.25,0.250,0.25,0.25,0.25,0.25,0.25,0.25,0.25
Newtown,0.75,0.75,0.75,0.500,0.75,0.75,0.75,0.75,0.75,1.000
Barry,0.5,0.5,0.5,0.5,0.5,0.5,0.5,0.500,0.500,0.5
Cardiff Met,0.5,0.5,0.5,0.5,0.5,0.5,0.5,0.500,0.5,0.5
Cefn Druids,0.250,0.375,0.375,0.375,0.375,0.375,0.500,0.375,0.375,0.375
Bangor,0.250,0.25,0.250,0.25,0.25,0.250,0.25,0.25,0.25,0.25
Llandudno,0.25,0.25,0.25,0.25,0.250,0.25,0.25,0.25,0.25,0.25
Broughton,0.25,0.250,0.250,0.250,0.25,0.25,0.25,0.25,0.25,0.25
Aberystwyth,0.25,0.25,0.250,0.25,0.25,0.25,0.25,0.25,0.25,0.25
Prestatyn,0.5,0.500,0.5,0.5,0.5,0.5,0.5,0.5,0.5,0.5
Llanelli,0.250,0.25,0.25,0.25,0.25,0.25,0.25,0.25,0.25,0.25
Llapi,1.0,1.0,1.0,1.0,1.0,1.0,1.0,1.0,1.0,1.000
Gjilani,1.0,1.0,1.0,1.0,1.0,1.0,1.0,1.0,1.000,1.0
Feronikeli,1.5,1.5,1.5,1.5,1.5,1.5,1.5,1.500,1.5,1.5
Trepça’89,0.5,0.5,0.5,0.5,0.5,0.500,0.5,0.5,0.5,0.5
Mons Calpe,1.0,1.0,1.0,1.0,1.0,1.0,1.0,1.0,1.0,1.000
Lusitans,0.500,0.500,0.375,0.250,0.250,0.375,0.375,0.375,0.375,0.375
UE Santa Coloma,0.250,0.250,0.250,0.25,0.250,0.250,0.25,0.25,0.25,0.25
Libertas,0.250,0.250,0.250,0.25,0.25,0.25,0.25,0.25,0.25,0.25
Juvenes/Dogana,0.25,0.25,0.25,0.250,0.25,0.25,0.25,0.25,0.25,0.25
